ID,수요량
TEST_0000,233.01073
TEST_0001,6.7883587
TEST_0002,349.11987
TEST_0003,193.88
TEST_0004,213.86383
TEST_0005,214.15196
TEST_0006,201.07747
TEST_0007,867.64233
TEST_0008,296.72977
TEST_0009,377.32935
TEST_0010,110.174934
TEST_0011,99.91355
TEST_0012,163.18
TEST_0013,248.39226
TEST_0014,65.90844
TEST_0015,61.276688
TEST_0016,48.207344
TEST_0017,168.93347
TEST_0018,94.53873
TEST_0019,-3.131337
TEST_0020,112.88061
TEST_0021,40.3465
TEST_0022,60.694504
TEST_0023,20.296896
TEST_0024,368.02173
TEST_0025,62.055454
TEST_0026,265.0917
TEST_0027,663.2613
TEST_0028,691.6315
TEST_0029,447.348
TEST_0030,295.6907
TEST_0031,458.23495
TEST_0032,88.85025
TEST_0033,113.85938
TEST_0034,427.11432
TEST_0035,1307.5669
TEST_0036,976.6051
TEST_0037,675.75336
TEST_0038,94.82121
TEST_0039,542.43945
TEST_0040,241.42119
TEST_0041,15.651753
TEST_0042,528.858
TEST_0043,82.10493
TEST_0044,995.95636
TEST_0045,199.47687
TEST_0046,792.0114
TEST_0047,73.513115
TEST_0048,576.43445
TEST_0049,52.18747
TEST_0050,109.0054
TEST_0051,693.74915
TEST_0052,16.365189
TEST_0053,220.29013
TEST_0054,169.8991
TEST_0055,1071.9685
TEST_0056,31.744099
TEST_0057,12.908242
TEST_0058,301.84665
TEST_0059,1662.8671
TEST_0060,325.00183
TEST_0061,821.0354
TEST_0062,30.251654
TEST_0063,552.9524
TEST_0064,249.57805
TEST_0065,727.455
TEST_0066,167.80563
TEST_0067,66.44198
TEST_0068,597.28436
TEST_0069,333.19067
TEST_0070,328.11957
TEST_0071,133.34023
TEST_0072,67.435814
TEST_0073,325.9364
TEST_0074,-23.038223
TEST_0075,210.92366
TEST_0076,94.22506
TEST_0077,196.05707
TEST_0078,121.9111
TEST_0079,361.5189
TEST_0080,299.69366
TEST_0081,1106.0538
TEST_0082,129.33577
TEST_0083,537.95605
TEST_0084,105.55257
TEST_0085,24.88717
TEST_0086,202.0294
TEST_0087,43.247845
TEST_0088,68.40139
TEST_0089,79.474915
TEST_0090,40.884586
TEST_0091,354.70032
TEST_0092,477.1924
TEST_0093,131.64594
TEST_0094,211.44939
TEST_0095,369.64825
TEST_0096,438.55472
TEST_0097,44.624203
TEST_0098,270.82785
TEST_0099,591.0546
TEST_0100,-57.850006
TEST_0101,450.32202
TEST_0102,54.012108
TEST_0103,485.4442
TEST_0104,93.83049
TEST_0105,87.20599
TEST_0106,4.6622148
TEST_0107,754.84595
TEST_0108,211.95009
TEST_0109,142.61404
TEST_0110,124.88624
TEST_0111,93.60568
TEST_0112,161.1848
TEST_0113,509.81686
TEST_0114,105.51444
TEST_0115,635.2238
TEST_0116,856.10785
TEST_0117,57.310574
TEST_0118,468.7142
TEST_0119,265.60904
TEST_0120,337.47293
TEST_0121,35.862953
TEST_0122,368.92456
TEST_0123,67.69533
TEST_0124,542.9668
TEST_0125,84.35971
TEST_0126,160.60059
TEST_0127,130.0844
TEST_0128,183.56497
TEST_0129,401.43225
TEST_0130,259.58905
TEST_0131,100.97195
TEST_0132,311.9253
TEST_0133,161.79532
TEST_0134,217.71599
TEST_0135,531.1048
TEST_0136,-34.108997
TEST_0137,-25.622822
TEST_0138,117.40735
TEST_0139,372.50333
TEST_0140,738.33105
TEST_0141,159.52774
TEST_0142,1149.8844
TEST_0143,46.375443
TEST_0144,430.53915
TEST_0145,336.171
TEST_0146,22.524563
TEST_0147,431.9138
TEST_0148,811.8427
TEST_0149,180.7617
TEST_0150,87.96218
TEST_0151,649.5708
TEST_0152,25.820847
TEST_0153,34.50602
TEST_0154,60.697865
TEST_0155,124.01081
TEST_0156,38.780746
TEST_0157,74.73631
TEST_0158,252.18115
TEST_0159,27.86247
TEST_0160,201.54846
TEST_0161,53.014313
TEST_0162,187.52574
TEST_0163,28.241917
TEST_0164,86.12546
TEST_0165,130.05672
TEST_0166,194.94856
TEST_0167,60.94878
TEST_0168,128.2581
TEST_0169,215.36664
TEST_0170,112.53939
TEST_0171,1330.368
TEST_0172,287.82022
TEST_0173,620.16724
TEST_0174,408.53912
TEST_0175,401.08423
TEST_0176,444.21466
TEST_0177,39.00261
TEST_0178,-89.22018
TEST_0179,549.7807
TEST_0180,158.75613
TEST_0181,260.8992
TEST_0182,570.8299
TEST_0183,44.421837
TEST_0184,326.25348
TEST_0185,168.31891
TEST_0186,613.42633
TEST_0187,23.477509
TEST_0188,423.86957
TEST_0189,132.48836
TEST_0190,139.92609
TEST_0191,19.14526
TEST_0192,628.8945
TEST_0193,33.32495
TEST_0194,2874.99
TEST_0195,154.34558
TEST_0196,33.446365
TEST_0197,-13.0205555
TEST_0198,230.00542
TEST_0199,283.53326
TEST_0200,351.29355
TEST_0201,57.82842
TEST_0202,46.494877
TEST_0203,208.28714
TEST_0204,141.76279
TEST_0205,232.11717
TEST_0206,207.9771
TEST_0207,134.38457
TEST_0208,350.4447
TEST_0209,43.670967
TEST_0210,40.93956
TEST_0211,27.846336
TEST_0212,144.06273
TEST_0213,265.83173
TEST_0214,465.84354
TEST_0215,52.23868
TEST_0216,443.54562
TEST_0217,123.81111
TEST_0218,-8.177817
TEST_0219,504.53986
TEST_0220,807.70135
TEST_0221,697.6098
TEST_0222,73.30994
TEST_0223,34.442142
TEST_0224,131.73369
TEST_0225,111.374054
TEST_0226,201.6889
TEST_0227,200.50064
TEST_0228,24.797184
TEST_0229,376.25296
TEST_0230,130.2481
TEST_0231,627.652
TEST_0232,114.03816
TEST_0233,153.93095
TEST_0234,195.07304
TEST_0235,120.693405
TEST_0236,61.092457
TEST_0237,85.361244
TEST_0238,151.67928
TEST_0239,75.4828
TEST_0240,-14.126268
TEST_0241,47.190784
TEST_0242,1466.4702
TEST_0243,20.092876
TEST_0244,406.86176
TEST_0245,128.04398
TEST_0246,33.38507
TEST_0247,54.511417
TEST_0248,326.01053
TEST_0249,51.32985
TEST_0250,9.646127
TEST_0251,295.1671
TEST_0252,226.87111
TEST_0253,105.54738
TEST_0254,579.3091
TEST_0255,522.5241
TEST_0256,89.09596
TEST_0257,1186.364
TEST_0258,107.32254
TEST_0259,320.1096
TEST_0260,-1.2198223
TEST_0261,833.67554
TEST_0262,946.93964
TEST_0263,100.81578
TEST_0264,65.94214
TEST_0265,81.27713
TEST_0266,772.2059
TEST_0267,408.29514
TEST_0268,24.462368
TEST_0269,493.81616
TEST_0270,210.60147
TEST_0271,102.164764
TEST_0272,56.179073
TEST_0273,157.85382
TEST_0274,117.826775
TEST_0275,42.24675
TEST_0276,148.87416
TEST_0277,206.41772
TEST_0278,102.54208
TEST_0279,524.3505
TEST_0280,57.966812
TEST_0281,49.90192
TEST_0282,262.48563
TEST_0283,22.41802
TEST_0284,93.06962
TEST_0285,12.062315
TEST_0286,271.12796
TEST_0287,19.032337
TEST_0288,86.40251
TEST_0289,102.534515
TEST_0290,473.77274
TEST_0291,21.247864
TEST_0292,202.38292
TEST_0293,175.00491
TEST_0294,31.978874
TEST_0295,201.38647
TEST_0296,-22.591743
TEST_0297,77.014984
TEST_0298,989.4524
TEST_0299,238.8774
TEST_0300,27.144192
TEST_0301,82.51291
TEST_0302,581.887
TEST_0303,128.49765
TEST_0304,361.44724
TEST_0305,156.65042
TEST_0306,123.546326
TEST_0307,57.293438
TEST_0308,131.97159
TEST_0309,609.22894
TEST_0310,23.057827
TEST_0311,70.82347
TEST_0312,61.88279
TEST_0313,344.80893
TEST_0314,85.54037
TEST_0315,105.302536
TEST_0316,131.39328
TEST_0317,36.896805
TEST_0318,430.42126
TEST_0319,174.17119
TEST_0320,22.351736
TEST_0321,17.178278
TEST_0322,151.865
TEST_0323,204.18495
TEST_0324,166.62051
TEST_0325,241.8954
TEST_0326,995.94904
TEST_0327,442.8244
TEST_0328,197.25278
TEST_0329,-55.731655
TEST_0330,-102.86622
TEST_0331,183.98604
TEST_0332,103.83232
TEST_0333,96.712814
TEST_0334,129.09702
TEST_0335,151.94446
TEST_0336,569.7866
TEST_0337,22.823137
TEST_0338,207.48816
TEST_0339,51.752968
TEST_0340,52.605446
TEST_0341,495.50552
TEST_0342,119.93556
TEST_0343,74.35223
TEST_0344,45.9735
TEST_0345,119.53966
TEST_0346,162.03818
TEST_0347,202.8805
TEST_0348,167.18338
TEST_0349,126.330154
TEST_0350,468.6497
TEST_0351,719.43115
TEST_0352,91.20221
TEST_0353,651.6329
TEST_0354,59.710335
TEST_0355,282.40817
TEST_0356,-14.008291
TEST_0357,83.481865
TEST_0358,305.8352
TEST_0359,255.65274
TEST_0360,25.568056
TEST_0361,354.74356
TEST_0362,88.25171
TEST_0363,38.313717
TEST_0364,384.15842
TEST_0365,68.677124
TEST_0366,76.327385
TEST_0367,478.92868
TEST_0368,341.91074
TEST_0369,37.014057
TEST_0370,100.74301
TEST_0371,122.38538
TEST_0372,275.5397
TEST_0373,299.26013
TEST_0374,332.94537
TEST_0375,538.3425
TEST_0376,27.118387
TEST_0377,7.036857
TEST_0378,58.32788
TEST_0379,207.99341
TEST_0380,34.48882
TEST_0381,-104.34242
TEST_0382,54.90493
TEST_0383,24.858612
TEST_0384,-3.188817
TEST_0385,58.984425
TEST_0386,264.29684
TEST_0387,106.715004
TEST_0388,538.24457
TEST_0389,37.340405
TEST_0390,165.3272
TEST_0391,55.350655
TEST_0392,-11.637617
TEST_0393,335.71014
TEST_0394,135.32195
TEST_0395,82.62187
TEST_0396,-12.737517
TEST_0397,405.7607
TEST_0398,163.24074
TEST_0399,164.78598
TEST_0400,46.377422
TEST_0401,47.51847
TEST_0402,-143.34207
TEST_0403,28.438324
TEST_0404,106.61936
TEST_0405,74.32664
TEST_0406,209.26141
TEST_0407,7.990337
TEST_0408,123.018456
TEST_0409,193.04257
TEST_0410,52.787834
TEST_0411,226.29092
TEST_0412,288.87833
TEST_0413,597.1365
TEST_0414,16.518415
TEST_0415,496.3625
TEST_0416,249.16084
TEST_0417,179.57552
TEST_0418,3.7199414
TEST_0419,43.995197
TEST_0420,78.860954
TEST_0421,130.12433
TEST_0422,837.4222
TEST_0423,113.82605
TEST_0424,752.6417
TEST_0425,269.20557
TEST_0426,59.815483
TEST_0427,449.83807
TEST_0428,330.34827
TEST_0429,111.96875
TEST_0430,2.691039
TEST_0431,115.539635
TEST_0432,278.4508
TEST_0433,279.6563
TEST_0434,481.59113
TEST_0435,1135.3602
TEST_0436,-3.6862047
TEST_0437,232.57468
TEST_0438,200.35307
TEST_0439,355.22897
TEST_0440,322.78976
TEST_0441,194.62798
TEST_0442,-11.251446
TEST_0443,94.786964
TEST_0444,97.47369
TEST_0445,-54.027283
TEST_0446,30.870504
TEST_0447,478.5404
TEST_0448,59.02665
TEST_0449,813.8696
TEST_0450,356.26776
TEST_0451,64.858795
TEST_0452,165.52657
TEST_0453,350.4359
TEST_0454,162.97894
TEST_0455,226.84514
TEST_0456,360.00528
TEST_0457,109.979004
TEST_0458,873.7661
TEST_0459,403.34552
TEST_0460,1232.3534
TEST_0461,493.1773
TEST_0462,57.643257
TEST_0463,280.2289
TEST_0464,648.4837
TEST_0465,13.972467
TEST_0466,256.62036
TEST_0467,473.29752
TEST_0468,367.9891
TEST_0469,1170.0221
TEST_0470,192.09854
TEST_0471,31.005648
TEST_0472,-57.824524
TEST_0473,1032.8859
TEST_0474,843.2077
TEST_0475,431.27176
TEST_0476,239.87321
TEST_0477,261.3238
TEST_0478,349.7889
TEST_0479,854.4643
TEST_0480,683.17084
TEST_0481,126.853966
TEST_0482,81.90777
TEST_0483,310.63272
TEST_0484,569.6606
TEST_0485,106.95979
TEST_0486,729.3211
TEST_0487,71.21659
TEST_0488,-14.698811
TEST_0489,50.607594
TEST_0490,36.854073
TEST_0491,-12.663757
TEST_0492,-39.90071
TEST_0493,51.142723
TEST_0494,340.17902
TEST_0495,69.78903
TEST_0496,-2.2009056
TEST_0497,1.7432764
TEST_0498,946.45026
TEST_0499,60.769886
TEST_0500,290.36032
TEST_0501,455.99344
TEST_0502,503.35202
TEST_0503,57.02076
TEST_0504,186.78648
TEST_0505,365.4525
TEST_0506,60.18856
TEST_0507,16.9576
TEST_0508,774.2615
TEST_0509,396.89505
TEST_0510,251.2627
TEST_0511,-7.4229097
TEST_0512,164.36662
TEST_0513,257.7829
TEST_0514,81.29698
TEST_0515,61.821335
TEST_0516,35.958065
TEST_0517,38.16406
TEST_0518,42.39363
TEST_0519,-14.805525
TEST_0520,932.802
TEST_0521,255.43906
TEST_0522,256.05167
TEST_0523,297.5405
TEST_0524,303.61066
TEST_0525,304.17728
TEST_0526,312.20282
TEST_0527,39.830585
TEST_0528,174.95001
TEST_0529,39.66439
TEST_0530,107.56121
TEST_0531,688.49567
TEST_0532,169.41995
TEST_0533,357.9919
TEST_0534,443.01242
TEST_0535,331.14468
TEST_0536,285.70178
TEST_0537,-96.438194
TEST_0538,162.40897
TEST_0539,185.45058
TEST_0540,601.5246
TEST_0541,670.7482
TEST_0542,79.90497
TEST_0543,47.87198
TEST_0544,1725.2814
TEST_0545,31.33699
TEST_0546,905.9319
TEST_0547,48.354973
TEST_0548,1278.281
TEST_0549,159.78195
TEST_0550,5.3100104
TEST_0551,405.8263
TEST_0552,50.18055
TEST_0553,502.555
TEST_0554,768.9409
TEST_0555,47.711952
TEST_0556,383.7927
TEST_0557,376.40906
TEST_0558,29.991306
TEST_0559,74.73225
TEST_0560,103.76916
TEST_0561,223.7645
TEST_0562,279.63724
TEST_0563,642.0741
TEST_0564,-4.3574915
TEST_0565,72.95553
TEST_0566,488.94336
TEST_0567,611.429
TEST_0568,50.12315
TEST_0569,712.9586
TEST_0570,740.6527
TEST_0571,282.0512
TEST_0572,92.71902
TEST_0573,948.2476
TEST_0574,225.88002
TEST_0575,852.95306
TEST_0576,639.68506
TEST_0577,32.555447
TEST_0578,78.020294
TEST_0579,512.63654
TEST_0580,18.327156
TEST_0581,70.161316
TEST_0582,8.87506
TEST_0583,33.933502
TEST_0584,585.17993
TEST_0585,116.822754
TEST_0586,161.651
TEST_0587,295.34445
TEST_0588,200.60306
TEST_0589,330.82697
TEST_0590,288.2201
TEST_0591,204.17596
TEST_0592,28.24488
TEST_0593,106.59979
TEST_0594,14.201905
TEST_0595,117.92061
TEST_0596,120.338036
TEST_0597,169.88432
TEST_0598,14.655531
TEST_0599,130.80731
TEST_0600,39.155117
TEST_0601,314.62283
TEST_0602,100.168076
TEST_0603,65.75734
TEST_0604,442.8982
TEST_0605,114.20368
TEST_0606,1368.3245
TEST_0607,1061.3262
TEST_0608,378.70923
TEST_0609,452.56467
TEST_0610,11.88319
TEST_0611,70.35985
TEST_0612,32.13768
TEST_0613,43.928356
TEST_0614,349.7995
TEST_0615,41.320087
TEST_0616,70.218704
TEST_0617,23.910614
TEST_0618,276.05945
TEST_0619,38.685078
TEST_0620,53.577152
TEST_0621,122.14129
TEST_0622,379.25443
TEST_0623,200.07175
TEST_0624,268.2253
TEST_0625,60.38214
TEST_0626,533.2842
TEST_0627,224.24597
TEST_0628,328.1139
TEST_0629,694.80273
TEST_0630,169.61226
TEST_0631,413.29657
TEST_0632,163.6649
TEST_0633,37.882504
TEST_0634,11.900215
TEST_0635,85.767876
TEST_0636,173.64915
TEST_0637,23.573019
TEST_0638,92.16148
TEST_0639,375.07794
TEST_0640,143.7105
TEST_0641,108.327736
TEST_0642,282.4366
TEST_0643,1223.4364
TEST_0644,66.628265
TEST_0645,125.68425
TEST_0646,73.59145
TEST_0647,36.05968
TEST_0648,149.79408
TEST_0649,747.57074
TEST_0650,1071.245
TEST_0651,144.93494
TEST_0652,297.86685
TEST_0653,185.05844
TEST_0654,686.32294
TEST_0655,578.44867
TEST_0656,744.79694
TEST_0657,45.69377
TEST_0658,13.863559
TEST_0659,450.74323
TEST_0660,521.9244
TEST_0661,43.193085
TEST_0662,1595.1605
TEST_0663,128.9525
TEST_0664,324.08823
TEST_0665,72.30355
TEST_0666,45.75079
TEST_0667,85.88364
TEST_0668,351.40024
TEST_0669,597.2525
TEST_0670,411.57672
TEST_0671,275.91125
TEST_0672,72.76199
TEST_0673,309.8007
TEST_0674,1178.98
TEST_0675,-75.70682
TEST_0676,36.533173
TEST_0677,111.96646
TEST_0678,200.59695
TEST_0679,50.859035
TEST_0680,923.5612
TEST_0681,260.58215
TEST_0682,265.15497
TEST_0683,859.5541
TEST_0684,56.26726
TEST_0685,357.09274
TEST_0686,88.13059
TEST_0687,139.16856
TEST_0688,84.00786
TEST_0689,125.615555
TEST_0690,6.180409
TEST_0691,-49.594433
TEST_0692,1329.859
TEST_0693,70.04202
TEST_0694,162.67407
TEST_0695,68.59689
TEST_0696,218.9684
TEST_0697,450.81842
TEST_0698,125.68037
TEST_0699,371.61768
TEST_0700,148.75618
TEST_0701,26.171013
TEST_0702,-32.45446
TEST_0703,6.821246
TEST_0704,60.726234
TEST_0705,112.123695
TEST_0706,42.442955
TEST_0707,230.9171
TEST_0708,270.16968
TEST_0709,113.833305
TEST_0710,120.123764
TEST_0711,2509.0266
TEST_0712,125.619125
TEST_0713,514.36847
TEST_0714,207.99887
TEST_0715,89.863914
TEST_0716,43.182617
TEST_0717,70.97405
TEST_0718,103.86334
TEST_0719,1629.8113
TEST_0720,114.19807
TEST_0721,172.27206
TEST_0722,41.504272
TEST_0723,55.15533
TEST_0724,336.04327
TEST_0725,31.84344
TEST_0726,636.4
TEST_0727,1413.7422
TEST_0728,51.812958
TEST_0729,45.29213
TEST_0730,165.89728
TEST_0731,350.27527
TEST_0732,631.2168
TEST_0733,62.388245
TEST_0734,399.10663
TEST_0735,145.77174
TEST_0736,279.20026
TEST_0737,377.49844
TEST_0738,1261.1555
TEST_0739,322.09998
TEST_0740,498.41687
TEST_0741,69.447914
TEST_0742,28.234228
TEST_0743,51.911144
TEST_0744,276.47086
TEST_0745,334.06723
TEST_0746,46.53225
TEST_0747,798.8033
TEST_0748,215.99214
TEST_0749,268.41592
TEST_0750,122.451355
TEST_0751,158.81926
TEST_0752,1275.1426
TEST_0753,60.271313
TEST_0754,36.08686
TEST_0755,345.97784
TEST_0756,586.57574
TEST_0757,306.81943
TEST_0758,128.29675
TEST_0759,76.57996
TEST_0760,273.46933
TEST_0761,2.4804409
TEST_0762,183.13036
TEST_0763,133.47244
TEST_0764,972.6232
TEST_0765,235.83435
TEST_0766,1107.4568
TEST_0767,161.77425
TEST_0768,177.03621
TEST_0769,-58.178055
TEST_0770,159.38965
TEST_0771,-2.9791927
TEST_0772,116.991844
TEST_0773,163.51778
TEST_0774,213.01483
TEST_0775,92.28398
TEST_0776,369.17114
TEST_0777,212.54353
TEST_0778,856.76697
TEST_0779,95.24482
TEST_0780,39.174843
TEST_0781,493.831
TEST_0782,167.53383
TEST_0783,490.2187
TEST_0784,258.7696
TEST_0785,23.658726
TEST_0786,34.59174
TEST_0787,51.37592
TEST_0788,391.6627
TEST_0789,231.9057
TEST_0790,182.68272
TEST_0791,143.38412
TEST_0792,853.2975
TEST_0793,52.93352
TEST_0794,187.6376
TEST_0795,394.7842
TEST_0796,38.704742
TEST_0797,111.17982
TEST_0798,-4.035547
TEST_0799,136.21814
TEST_0800,65.126465
TEST_0801,152.275
TEST_0802,332.72232
TEST_0803,119.68994
TEST_0804,362.85397
TEST_0805,8.970627
TEST_0806,36.7493
TEST_0807,887.334
TEST_0808,1970.3947
TEST_0809,34.273563
TEST_0810,126.99917
TEST_0811,10.152292
TEST_0812,57.872128
TEST_0813,159.14938
TEST_0814,108.573135
TEST_0815,40.637012
TEST_0816,301.83807
TEST_0817,71.76461
TEST_0818,100.81992
TEST_0819,-63.574234
TEST_0820,730.04224
TEST_0821,-10.844925
TEST_0822,153.58855
TEST_0823,22.70272
TEST_0824,46.588963
TEST_0825,25.21696
TEST_0826,645.55133
TEST_0827,87.74026
TEST_0828,16.348015
TEST_0829,582.1234
TEST_0830,820.81415
TEST_0831,190.06845
TEST_0832,76.9032
TEST_0833,202.2004
TEST_0834,28.2373
TEST_0835,407.5023
TEST_0836,659.3373
TEST_0837,18.506403
TEST_0838,18.299246
TEST_0839,94.14014
TEST_0840,81.264786
TEST_0841,403.193
TEST_0842,82.328156
TEST_0843,276.35547
TEST_0844,40.192818
TEST_0845,143.5882
TEST_0846,423.15927
TEST_0847,201.07814
TEST_0848,106.454834
TEST_0849,67.55033
TEST_0850,29.443361
TEST_0851,30.837418
TEST_0852,45.604065
TEST_0853,250.21426
TEST_0854,150.0546
TEST_0855,517.18115
TEST_0856,2.5197084
TEST_0857,397.29013
TEST_0858,902.49835
TEST_0859,40.349144
TEST_0860,99.03656
TEST_0861,144.78703
TEST_0862,479.29053
TEST_0863,60.024372
TEST_0864,778.6182
TEST_0865,29.358694
TEST_0866,205.27827
TEST_0867,56.085983
TEST_0868,89.32159
TEST_0869,370.1812
TEST_0870,65.65581
TEST_0871,327.07895
TEST_0872,380.45764
TEST_0873,31.815002
TEST_0874,459.29193
TEST_0875,150.2591
TEST_0876,426.04926
TEST_0877,588.5857
TEST_0878,30.310175
TEST_0879,600.4208
TEST_0880,273.68262
TEST_0881,126.23551
TEST_0882,491.62738
TEST_0883,267.38467
TEST_0884,106.59971
TEST_0885,37.967022
TEST_0886,95.38687
TEST_0887,185.46118
TEST_0888,29.76165
TEST_0889,-58.53309
TEST_0890,33.791904
TEST_0891,366.44095
TEST_0892,657.92896
TEST_0893,-47.40592
TEST_0894,128.801
TEST_0895,106.05499
TEST_0896,153.69525
TEST_0897,296.05212
TEST_0898,41.906437
TEST_0899,561.0783
TEST_0900,54.985172
TEST_0901,147.00267
TEST_0902,47.558758
TEST_0903,307.71747
TEST_0904,174.64253
TEST_0905,-20.029074
TEST_0906,353.2227
TEST_0907,287.08496
TEST_0908,690.26074
TEST_0909,162.19608
TEST_0910,766.6536
TEST_0911,83.51022
TEST_0912,904.7554
TEST_0913,135.86455
TEST_0914,88.147575
TEST_0915,37.75809
TEST_0916,104.029915
TEST_0917,140.13754
TEST_0918,688.85443
TEST_0919,282.95117
TEST_0920,134.2702
TEST_0921,72.58365
TEST_0922,285.1034
TEST_0923,481.4217
TEST_0924,144.58319
TEST_0925,1174.6792
TEST_0926,134.06165
TEST_0927,205.4311
TEST_0928,968.43695
TEST_0929,251.91165
TEST_0930,526.4025
TEST_0931,31.588892
TEST_0932,32.124786
TEST_0933,30.726347
TEST_0934,24.446604
TEST_0935,11.699011
TEST_0936,53.226448
TEST_0937,469.14508
TEST_0938,68.94135
TEST_0939,58.82367
TEST_0940,590.63745
TEST_0941,28.519672
TEST_0942,39.859665
TEST_0943,1668.0648
TEST_0944,107.13796
TEST_0945,122.99671
TEST_0946,-9.9389925
TEST_0947,0.70443493
TEST_0948,710.0022
TEST_0949,357.74158
TEST_0950,175.74034
TEST_0951,47.987656
TEST_0952,305.24857
TEST_0953,518.8065
TEST_0954,757.68835
TEST_0955,67.10026
TEST_0956,365.95938
TEST_0957,518.7984
TEST_0958,2.5290616
TEST_0959,111.822975
TEST_0960,1349.8705
TEST_0961,514.67737
TEST_0962,98.92744
TEST_0963,980.20776
TEST_0964,103.83227
TEST_0965,575.75055
TEST_0966,279.3949
TEST_0967,1181.7845
TEST_0968,217.34758
TEST_0969,45.07648
TEST_0970,46.41112
TEST_0971,585.31006
TEST_0972,204.2652
TEST_0973,85.89446
TEST_0974,542.19275
TEST_0975,291.249
TEST_0976,434.7172
TEST_0977,590.67114
TEST_0978,80.933846
TEST_0979,50.91522
TEST_0980,218.95769
TEST_0981,488.03842
TEST_0982,41.223804
TEST_0983,287.89398
TEST_0984,175.93535
TEST_0985,68.28709
TEST_0986,11.292802
TEST_0987,122.061195
TEST_0988,150.99117
TEST_0989,1085.3412
TEST_0990,1322.3951
TEST_0991,200.08772
TEST_0992,52.01847
TEST_0993,246.7763
TEST_0994,160.86394
TEST_0995,373.89108
TEST_0996,62.09289
TEST_0997,549.60736
TEST_0998,497.58792
TEST_0999,78.83488
TEST_1000,68.322586
TEST_1001,149.8087
TEST_1002,448.67007
TEST_1003,644.2434
TEST_1004,123.73839
TEST_1005,77.41481
TEST_1006,39.64737
TEST_1007,109.42932
TEST_1008,17.742472
TEST_1009,61.935516
TEST_1010,27.388931
TEST_1011,73.88594
TEST_1012,33.884968
TEST_1013,750.5225
TEST_1014,112.5592
TEST_1015,448.1389
TEST_1016,298.29382
TEST_1017,318.04855
TEST_1018,382.0789
TEST_1019,230.46971
TEST_1020,31.32024
TEST_1021,978.7904
TEST_1022,146.09647
TEST_1023,163.77235
TEST_1024,110.51821
TEST_1025,52.917492
TEST_1026,88.4225
TEST_1027,122.15406
TEST_1028,261.6507
TEST_1029,38.259224
TEST_1030,190.61163
TEST_1031,238.52509
TEST_1032,467.4506
TEST_1033,221.65538
TEST_1034,6.856577
TEST_1035,506.26965
TEST_1036,164.38101
TEST_1037,90.12669
TEST_1038,62.507347
TEST_1039,320.34616
TEST_1040,162.54852
TEST_1041,689.84314
TEST_1042,220.8688
TEST_1043,70.65872
TEST_1044,895.8197
TEST_1045,135.85612
TEST_1046,172.38957
TEST_1047,722.40466
TEST_1048,371.15344
TEST_1049,29.190948
TEST_1050,1159.4088
TEST_1051,193.1291
TEST_1052,395.3607
TEST_1053,68.59344
TEST_1054,73.17908
TEST_1055,-79.98234
TEST_1056,-0.39372063
TEST_1057,189.0045
TEST_1058,232.77211
TEST_1059,-5.5479703
TEST_1060,577.534
TEST_1061,459.38974
TEST_1062,229.43964
TEST_1063,1796.1605
TEST_1064,-201.12013
TEST_1065,85.16047
TEST_1066,0.8080595
TEST_1067,157.76411
TEST_1068,715.21246
TEST_1069,142.62683
TEST_1070,318.58005
TEST_1071,919.40857
TEST_1072,16.541801
TEST_1073,409.17548
TEST_1074,70.37849
TEST_1075,1731.0577
TEST_1076,164.2157
TEST_1077,81.77936
TEST_1078,230.91745
TEST_1079,11.199747
TEST_1080,-6.388423
TEST_1081,164.63483
TEST_1082,62.856373
TEST_1083,14.825218
TEST_1084,154.60637
TEST_1085,12.951349
TEST_1086,520.60156
TEST_1087,497.64685
TEST_1088,58.208378
TEST_1089,360.15573
TEST_1090,54.479618
TEST_1091,53.41632
TEST_1092,629.1942
TEST_1093,328.77682
TEST_1094,272.90152
TEST_1095,102.44305
TEST_1096,50.746765
TEST_1097,996.71454
TEST_1098,550.4339
TEST_1099,64.8752
TEST_1100,500.83777
TEST_1101,351.34442
TEST_1102,41.816868
TEST_1103,171.79591
TEST_1104,154.55563
TEST_1105,-34.108017
TEST_1106,754.3618
TEST_1107,578.7988
TEST_1108,61.079388
TEST_1109,538.1897
TEST_1110,471.9986
TEST_1111,580.1352
TEST_1112,50.541058
TEST_1113,153.92284
TEST_1114,24.327827
TEST_1115,366.56265
TEST_1116,148.80785
TEST_1117,312.3386
TEST_1118,62.51452
TEST_1119,130.00203
TEST_1120,98.30173
TEST_1121,-12.836727
TEST_1122,39.532597
TEST_1123,404.34525
TEST_1124,73.05623
TEST_1125,564.29834
TEST_1126,72.95325
TEST_1127,41.388775
TEST_1128,56.408573
TEST_1129,383.48874
TEST_1130,77.851326
TEST_1131,17.363205
TEST_1132,-18.554367
TEST_1133,159.77638
TEST_1134,243.94725
TEST_1135,50.442528
TEST_1136,513.919
TEST_1137,14.998931
TEST_1138,-12.685387
TEST_1139,266.3679
TEST_1140,34.0096
TEST_1141,29.219435
TEST_1142,284.3873
TEST_1143,70.27613
TEST_1144,584.8104
TEST_1145,169.63644
TEST_1146,76.07168
TEST_1147,448.99313
TEST_1148,712.84204
TEST_1149,13.602728
TEST_1150,476.49698
TEST_1151,265.60745
TEST_1152,111.06565
TEST_1153,97.28397
TEST_1154,39.343067
TEST_1155,618.39197
TEST_1156,126.39965
TEST_1157,188.92354
TEST_1158,272.28275
TEST_1159,17.152725
TEST_1160,202.46603
TEST_1161,-34.637558
TEST_1162,191.38377
TEST_1163,427.22427
TEST_1164,162.5442
TEST_1165,4.104013
TEST_1166,55.621178
TEST_1167,73.45248
TEST_1168,88.448685
TEST_1169,578.6904
TEST_1170,604.36993
TEST_1171,277.73032
TEST_1172,52.493916
TEST_1173,418.5324
TEST_1174,325.7477
TEST_1175,208.49127
TEST_1176,35.61873
TEST_1177,199.63022
TEST_1178,14.01237
TEST_1179,397.56595
TEST_1180,470.6447
TEST_1181,264.66525
TEST_1182,380.73764
TEST_1183,65.53765
TEST_1184,176.94118
TEST_1185,20.508183
TEST_1186,316.2729
TEST_1187,100.71968
TEST_1188,66.007164
TEST_1189,262.94778
TEST_1190,82.59589
TEST_1191,892.8043
TEST_1192,99.54425
TEST_1193,302.97263
TEST_1194,294.2431
TEST_1195,520.37115
TEST_1196,374.5069
TEST_1197,229.32196
TEST_1198,68.870445
TEST_1199,582.2366
TEST_1200,52.20691
TEST_1201,172.62006
TEST_1202,542.2479
TEST_1203,52.462276
TEST_1204,-29.957348
TEST_1205,464.80124
TEST_1206,54.80807
TEST_1207,122.307076
TEST_1208,213.15515
TEST_1209,658.3332
TEST_1210,115.671875
TEST_1211,235.21506
TEST_1212,439.18668
TEST_1213,101.7935
TEST_1214,213.69879
TEST_1215,521.037
TEST_1216,183.86125
TEST_1217,42.97024
TEST_1218,309.9588
TEST_1219,206.79715
TEST_1220,-16.801424
TEST_1221,113.20399
TEST_1222,242.05946
TEST_1223,197.44415
TEST_1224,111.2689
TEST_1225,96.554855
TEST_1226,404.81625
TEST_1227,84.611305
TEST_1228,-11.204989
TEST_1229,137.61096
TEST_1230,255.46637
TEST_1231,53.993626
TEST_1232,115.82938
TEST_1233,259.6751
TEST_1234,754.7337
TEST_1235,82.55126
TEST_1236,152.5466
TEST_1237,303.32904
TEST_1238,197.3491
TEST_1239,191.03119
TEST_1240,407.72803
TEST_1241,316.18866
TEST_1242,-58.13066
TEST_1243,335.5188
TEST_1244,1052.3584
TEST_1245,403.2991
TEST_1246,233.30101
TEST_1247,425.0749
TEST_1248,16.205858
TEST_1249,76.551025
TEST_1250,801.90564
TEST_1251,193.47583
TEST_1252,384.46085
TEST_1253,56.062634
TEST_1254,244.9272
TEST_1255,299.91776
TEST_1256,192.58826
TEST_1257,-7.780545
TEST_1258,40.49764
TEST_1259,575.503
TEST_1260,162.65158
TEST_1261,36.74383
TEST_1262,305.0304
TEST_1263,55.576385
TEST_1264,137.55484
TEST_1265,75.31738
TEST_1266,640.1835
TEST_1267,53.686394
TEST_1268,419.16348
TEST_1269,626.51855
TEST_1270,422.93506
TEST_1271,1437.5325
TEST_1272,464.24075
TEST_1273,96.016075
TEST_1274,17.506023
TEST_1275,67.07234
TEST_1276,104.82124
TEST_1277,44.841908
TEST_1278,366.22766
TEST_1279,316.75223
TEST_1280,57.805103
TEST_1281,14.909084
TEST_1282,67.535675
TEST_1283,422.6829
TEST_1284,177.12587
TEST_1285,1822.2329
TEST_1286,374.7065
TEST_1287,24.942598
TEST_1288,187.28275
TEST_1289,381.40872
TEST_1290,38.81758
TEST_1291,292.00223
TEST_1292,214.56041
TEST_1293,666.90283
TEST_1294,361.30557
TEST_1295,1066.1556
TEST_1296,50.26562
TEST_1297,83.39149
TEST_1298,1524.0254
TEST_1299,581.7004
TEST_1300,26.265417
TEST_1301,218.9197
TEST_1302,253.635
TEST_1303,609.0324
TEST_1304,38.1503
TEST_1305,310.17007
TEST_1306,99.96475
TEST_1307,581.31885
TEST_1308,512.87897
TEST_1309,49.17584
TEST_1310,80.0244
TEST_1311,212.38623
TEST_1312,1508.7361
TEST_1313,224.4938
TEST_1314,370.84186
TEST_1315,309.55258
TEST_1316,208.92682
TEST_1317,57.506683
TEST_1318,103.20499
TEST_1319,61.385044
TEST_1320,125.838684
TEST_1321,60.233208
TEST_1322,628.31573
TEST_1323,54.233288
TEST_1324,22.594582
TEST_1325,43.05736
TEST_1326,170.78314
TEST_1327,576.4799
TEST_1328,79.75565
TEST_1329,384.78827
TEST_1330,118.86536
TEST_1331,149.08905
TEST_1332,780.03253
TEST_1333,27.176476
TEST_1334,287.4226
TEST_1335,172.9324
TEST_1336,749.63715
TEST_1337,26.601044
TEST_1338,36.984562
TEST_1339,225.47792
TEST_1340,421.76605
TEST_1341,163.99251
TEST_1342,780.0612
TEST_1343,44.688957
TEST_1344,19.017982
TEST_1345,85.15094
TEST_1346,157.33147
TEST_1347,223.61601
TEST_1348,246.33592
TEST_1349,325.88895
TEST_1350,193.7571
TEST_1351,33.35751
TEST_1352,31.19296
TEST_1353,4.9509025
TEST_1354,8.574621
TEST_1355,341.65472
TEST_1356,470.38712
TEST_1357,24.083694
TEST_1358,768.1283
TEST_1359,391.46326
TEST_1360,740.3514
TEST_1361,266.70264
TEST_1362,26.982113
TEST_1363,25.318542
TEST_1364,97.349754
TEST_1365,785.92206
TEST_1366,523.76044
TEST_1367,442.21698
TEST_1368,343.9192
TEST_1369,654.4469
TEST_1370,21.33872
TEST_1371,495.8759
TEST_1372,58.09543
TEST_1373,-21.640873
TEST_1374,871.84784
TEST_1375,-3.0496144
TEST_1376,48.55578
TEST_1377,6.08087
TEST_1378,-3.3271022
TEST_1379,38.09063
TEST_1380,77.97055
TEST_1381,-15.641723
TEST_1382,-23.07043
TEST_1383,334.72232
TEST_1384,174.1671
TEST_1385,16.743795
TEST_1386,1071.6696
TEST_1387,23.939781
TEST_1388,105.39672
TEST_1389,438.78253
TEST_1390,36.579308
TEST_1391,18.772383
TEST_1392,451.3642
TEST_1393,489.0007
TEST_1394,-63.69399
TEST_1395,5.5269184
TEST_1396,-26.525454
TEST_1397,36.656837
TEST_1398,242.52129
TEST_1399,261.79272
TEST_1400,-7.25211
TEST_1401,-18.788525
TEST_1402,346.0499
TEST_1403,279.47894
TEST_1404,42.972645
TEST_1405,335.26627
TEST_1406,113.66566
TEST_1407,263.8554
TEST_1408,630.1488
TEST_1409,950.4358
TEST_1410,283.5307
TEST_1411,155.90361
TEST_1412,342.49948
TEST_1413,28.19818
TEST_1414,31.504837
TEST_1415,42.342926
TEST_1416,-31.26009
TEST_1417,249.74258
TEST_1418,315.349
TEST_1419,189.57259
TEST_1420,257.74048
TEST_1421,44.7938
TEST_1422,540.19635
TEST_1423,264.7043
TEST_1424,100.62907
TEST_1425,16.67532
TEST_1426,23.784983
TEST_1427,60.237453
TEST_1428,456.6048
TEST_1429,301.4625
TEST_1430,231.17851
TEST_1431,499.348
TEST_1432,360.96356
TEST_1433,269.00153
TEST_1434,281.18048
TEST_1435,-39.765213
TEST_1436,46.935005
TEST_1437,429.5963
TEST_1438,292.10373
TEST_1439,567.12946
TEST_1440,103.95995
TEST_1441,6.3211923
TEST_1442,85.59969
TEST_1443,94.70326
TEST_1444,777.3189
TEST_1445,47.057293
TEST_1446,97.704834
TEST_1447,75.21405
TEST_1448,101.74457
TEST_1449,811.53253
TEST_1450,251.69719
TEST_1451,540.63513
TEST_1452,418.80374
TEST_1453,8.862985
TEST_1454,148.64268
TEST_1455,259.293
TEST_1456,94.33905
TEST_1457,244.86948
TEST_1458,-26.862286
TEST_1459,39.295254
TEST_1460,181.96712
TEST_1461,532.1063
TEST_1462,1139.5679
TEST_1463,266.52417
TEST_1464,69.42387
TEST_1465,-77.065544
TEST_1466,155.93492
TEST_1467,-20.89239
TEST_1468,21.306023
TEST_1469,144.33391
TEST_1470,187.64551
TEST_1471,103.6039
TEST_1472,319.3614
TEST_1473,111.16294
TEST_1474,17.694244
TEST_1475,403.26538
TEST_1476,81.45155
TEST_1477,404.82928
TEST_1478,231.75266
TEST_1479,184.73361
TEST_1480,32.90093
TEST_1481,0.20067891
TEST_1482,9.370176
TEST_1483,409.33908
TEST_1484,55.56045
TEST_1485,338.41064
TEST_1486,42.794365
TEST_1487,518.3077
TEST_1488,125.744255
TEST_1489,103.315544
TEST_1490,10.019523
TEST_1491,100.3742
TEST_1492,312.3829
TEST_1493,111.40722
TEST_1494,142.32562
TEST_1495,170.97745
TEST_1496,455.70493
TEST_1497,239.02869
TEST_1498,-111.297104
TEST_1499,421.31384
TEST_1500,159.61763
TEST_1501,52.470726
TEST_1502,87.11836
TEST_1503,971.4422
TEST_1504,319.8117
TEST_1505,-56.571564
TEST_1506,1268.9307
TEST_1507,2078.237
TEST_1508,239.33368
TEST_1509,255.76224
TEST_1510,35.37268
TEST_1511,213.8426
TEST_1512,149.35095
TEST_1513,45.50883
TEST_1514,46.839947
TEST_1515,595.07996
TEST_1516,111.417305
TEST_1517,-58.248245
TEST_1518,76.21107
TEST_1519,140.8858
TEST_1520,763.85803
TEST_1521,345.15793
TEST_1522,366.82358
TEST_1523,11.999246
TEST_1524,1710.9839
TEST_1525,140.94853
TEST_1526,306.9696
TEST_1527,338.59622
TEST_1528,325.32355
TEST_1529,63.966652
TEST_1530,54.574524
TEST_1531,78.71676
TEST_1532,59.078632
TEST_1533,148.13268
TEST_1534,46.60405
TEST_1535,243.41693
TEST_1536,107.329605
TEST_1537,3.3637671
TEST_1538,41.996574
TEST_1539,135.20845
TEST_1540,861.8489
TEST_1541,278.70306
TEST_1542,48.85515
TEST_1543,-27.67995
TEST_1544,75.06172
TEST_1545,129.33437
TEST_1546,709.75995
TEST_1547,39.84068
TEST_1548,1274.2191
TEST_1549,67.50468
TEST_1550,2.5530992
TEST_1551,623.5637
TEST_1552,572.90265
TEST_1553,25.638174
TEST_1554,383.18594
TEST_1555,257.65527
TEST_1556,-0.76524806
TEST_1557,48.82744
TEST_1558,256.10605
TEST_1559,79.04676
TEST_1560,538.9989
TEST_1561,311.92352
TEST_1562,122.29084
TEST_1563,60.941654
TEST_1564,25.07681
TEST_1565,708.2017
TEST_1566,577.05316
TEST_1567,158.17023
TEST_1568,59.939537
TEST_1569,152.30258
TEST_1570,220.71802
TEST_1571,-1.2421592
TEST_1572,-10.983158
TEST_1573,14.4732895
TEST_1574,424.46164
TEST_1575,56.71397
TEST_1576,4.462125
TEST_1577,703.7742
TEST_1578,312.57584
TEST_1579,80.69415
TEST_1580,865.27875
TEST_1581,73.967995
TEST_1582,96.57599
TEST_1583,422.55472
TEST_1584,88.78745
TEST_1585,-22.466274
TEST_1586,-1.7703749
TEST_1587,165.48178
TEST_1588,41.213253
TEST_1589,536.0744
TEST_1590,239.51149
TEST_1591,97.11799
TEST_1592,70.65921
TEST_1593,616.04974
TEST_1594,275.62668
TEST_1595,385.3448
TEST_1596,720.11505
TEST_1597,106.64644
TEST_1598,12.754956
TEST_1599,52.14625
TEST_1600,224.09933
TEST_1601,186.2753
TEST_1602,796.3429
TEST_1603,348.25717
TEST_1604,750.3782
TEST_1605,55.02525
TEST_1606,633.6336
TEST_1607,106.83946
TEST_1608,57.297913
TEST_1609,80.51944
TEST_1610,59.475807
TEST_1611,123.93897
TEST_1612,118.1429
TEST_1613,37.483063
TEST_1614,769.3265
TEST_1615,184.50682
TEST_1616,321.81827
TEST_1617,235.17557
TEST_1618,199.49123
TEST_1619,181.976
TEST_1620,58.637527
TEST_1621,116.00208
TEST_1622,540.8062
TEST_1623,34.22552
TEST_1624,427.63058
TEST_1625,56.039288
TEST_1626,351.92087
TEST_1627,92.143875
TEST_1628,169.91173
TEST_1629,417.69595
TEST_1630,557.46344
TEST_1631,58.24104
TEST_1632,247.52403
TEST_1633,88.52717
TEST_1634,132.7486
TEST_1635,558.6855
TEST_1636,177.86095
TEST_1637,300.49585
TEST_1638,102.705154
TEST_1639,268.3587
TEST_1640,75.187645
TEST_1641,360.6376
TEST_1642,224.23251
TEST_1643,83.74152
TEST_1644,178.58052
TEST_1645,133.42781
TEST_1646,50.61232
TEST_1647,244.93216
TEST_1648,474.91998
TEST_1649,135.67274
TEST_1650,-4.370856
TEST_1651,47.29875
TEST_1652,120.42
TEST_1653,224.47934
TEST_1654,117.22288
TEST_1655,43.08882
TEST_1656,38.63111
TEST_1657,28.844053
TEST_1658,623.1519
TEST_1659,335.27158
TEST_1660,170.0421
TEST_1661,116.56485
TEST_1662,192.71657
TEST_1663,31.633614
TEST_1664,125.56654
TEST_1665,139.44658
TEST_1666,259.58566
TEST_1667,187.61758
TEST_1668,1548.8846
TEST_1669,655.7349
TEST_1670,380.34283
TEST_1671,263.83203
TEST_1672,-74.09627
TEST_1673,232.18115
TEST_1674,-42.947514
TEST_1675,355.45728
TEST_1676,507.57333
TEST_1677,55.230087
TEST_1678,-90.37013
TEST_1679,210.2657
TEST_1680,117.545364
TEST_1681,64.69081
TEST_1682,494.28937
TEST_1683,376.3193
TEST_1684,102.368645
TEST_1685,72.44131
TEST_1686,-11.338398
TEST_1687,28.299477
TEST_1688,129.03738
TEST_1689,87.87334
TEST_1690,130.29358
TEST_1691,30.76326
TEST_1692,49.34028
TEST_1693,32.20005
TEST_1694,501.35324
TEST_1695,-63.846264
TEST_1696,708.73944
TEST_1697,-43.480816
TEST_1698,146.82234
TEST_1699,-5.26211
TEST_1700,745.45074
TEST_1701,89.39722
TEST_1702,207.60231
TEST_1703,115.878685
TEST_1704,602.3292
TEST_1705,15.977412
TEST_1706,150.15622
TEST_1707,346.8027
TEST_1708,1144.0989
TEST_1709,-41.402397
TEST_1710,393.17258
TEST_1711,171.92569
TEST_1712,155.73595
TEST_1713,605.95953
TEST_1714,124.54852
TEST_1715,323.29434
TEST_1716,177.04575
TEST_1717,797.90515
TEST_1718,28.094183
TEST_1719,343.94214
TEST_1720,59.03198
TEST_1721,49.038548
TEST_1722,-19.80561
TEST_1723,644.89636
TEST_1724,-4.245969
TEST_1725,-17.114908
TEST_1726,934.9333
TEST_1727,82.905716
TEST_1728,109.77002
TEST_1729,46.355667
TEST_1730,473.89972
TEST_1731,2538.8008
TEST_1732,88.728455
TEST_1733,61.297462
TEST_1734,791.9208
TEST_1735,107.36948
TEST_1736,-25.934528
TEST_1737,218.53343
TEST_1738,767.56616
TEST_1739,94.32144
TEST_1740,1203.0804
TEST_1741,49.824505
TEST_1742,351.73645
TEST_1743,0.92316866
TEST_1744,13.341738
TEST_1745,48.355995
TEST_1746,95.01981
TEST_1747,11.841298
TEST_1748,155.61325
TEST_1749,329.92154
TEST_1750,-69.04623
TEST_1751,679.56464
TEST_1752,292.9588
TEST_1753,311.46567
TEST_1754,-34.057316
TEST_1755,391.02875
TEST_1756,105.78342
TEST_1757,23.743011
TEST_1758,133.84145
TEST_1759,113.03183
TEST_1760,176.94522
TEST_1761,7.043727
TEST_1762,283.2396
TEST_1763,3.1209528
TEST_1764,650.09924
TEST_1765,59.926888
TEST_1766,77.94458
TEST_1767,326.07184
TEST_1768,250.85033
TEST_1769,192.9007
TEST_1770,73.076065
TEST_1771,67.57483
TEST_1772,530.5645
TEST_1773,69.505936
TEST_1774,172.57521
TEST_1775,50.349644
TEST_1776,-7.7445035
TEST_1777,125.54541
TEST_1778,158.57956
TEST_1779,38.47947
TEST_1780,342.5751
TEST_1781,185.86272
TEST_1782,221.66483
TEST_1783,209.44803
TEST_1784,30.000694
TEST_1785,1396.2756
TEST_1786,91.380905
TEST_1787,104.0354
TEST_1788,52.76851
TEST_1789,56.47426
TEST_1790,303.4129
TEST_1791,-52.219242
TEST_1792,-11.450772
TEST_1793,100.887955
TEST_1794,112.4385
TEST_1795,283.16263
TEST_1796,80.7186
TEST_1797,31.602848
TEST_1798,214.28598
TEST_1799,44.519234
TEST_1800,92.67756
TEST_1801,596.15814
TEST_1802,1426.5139
TEST_1803,92.592995
TEST_1804,342.06528
TEST_1805,173.37943
TEST_1806,96.01678
TEST_1807,441.44974
TEST_1808,133.84785
TEST_1809,95.02971
TEST_1810,470.27612
TEST_1811,64.4565
TEST_1812,441.70413
TEST_1813,81.47386
TEST_1814,2598.2627
TEST_1815,166.47116
TEST_1816,81.254456
TEST_1817,379.38138
TEST_1818,118.23268
TEST_1819,336.84055
TEST_1820,109.16563
TEST_1821,706.2731
TEST_1822,164.41277
TEST_1823,53.2852
TEST_1824,-21.643995
TEST_1825,-77.17247
TEST_1826,463.81375
TEST_1827,1032.019
TEST_1828,464.43973
TEST_1829,24.38066
TEST_1830,439.07068
TEST_1831,31.31271
TEST_1832,804.50903
TEST_1833,126.40776
TEST_1834,-61.950348
TEST_1835,481.531
TEST_1836,88.70396
TEST_1837,29.167168
TEST_1838,385.01312
TEST_1839,1491.7634
TEST_1840,293.00104
TEST_1841,532.1824
TEST_1842,693.33856
TEST_1843,211.06726
TEST_1844,30.644955
TEST_1845,24.79565
TEST_1846,81.37684
TEST_1847,521.7998
TEST_1848,252.88287
TEST_1849,82.91079
TEST_1850,0.040246956
TEST_1851,111.2454
TEST_1852,345.95392
TEST_1853,147.68698
TEST_1854,588.57385
TEST_1855,482.04465
TEST_1856,81.68271
TEST_1857,56.795074
TEST_1858,68.82036
TEST_1859,146.9174
TEST_1860,117.387245
TEST_1861,328.2474
TEST_1862,859.26825
TEST_1863,49.70543
TEST_1864,124.09425
TEST_1865,139.58623
TEST_1866,43.490402
TEST_1867,347.22803
TEST_1868,496.73483
TEST_1869,-16.429352
TEST_1870,442.67255
TEST_1871,115.77712
TEST_1872,-0.87746596
TEST_1873,32.86446
TEST_1874,72.29056
TEST_1875,58.38786
TEST_1876,13.036119
TEST_1877,104.98044
TEST_1878,228.31877
TEST_1879,48.233032
TEST_1880,59.680397
TEST_1881,814.30804
TEST_1882,237.01686
TEST_1883,71.27448
TEST_1884,246.64143
TEST_1885,171.05075
TEST_1886,37.125694
TEST_1887,-47.874874
TEST_1888,167.55054
TEST_1889,180.44827
TEST_1890,1108.5778
TEST_1891,359.36447
TEST_1892,50.41077
TEST_1893,154.42189
TEST_1894,369.61087
TEST_1895,316.5241
TEST_1896,331.43787
TEST_1897,17.808016
TEST_1898,145.92593
TEST_1899,104.4309
TEST_1900,214.27885
TEST_1901,53.78338
TEST_1902,640.2725
TEST_1903,350.29257
TEST_1904,397.10046
TEST_1905,137.66309
TEST_1906,-91.14708
TEST_1907,207.82053
TEST_1908,82.245865
TEST_1909,81.58478
TEST_1910,201.7334
TEST_1911,93.52817
TEST_1912,133.37744
TEST_1913,312.152
TEST_1914,204.84233
TEST_1915,203.69533
TEST_1916,-4.200131
TEST_1917,-26.145157
TEST_1918,202.91411
TEST_1919,93.76457
TEST_1920,166.26166
TEST_1921,147.42838
TEST_1922,619.87415
TEST_1923,94.738
TEST_1924,294.52872
TEST_1925,16.432375
TEST_1926,120.48616
TEST_1927,46.045517
TEST_1928,247.55624
TEST_1929,45.66256
TEST_1930,449.2505
TEST_1931,191.93697
TEST_1932,389.37125
TEST_1933,216.39107
TEST_1934,236.98404
TEST_1935,212.9162
TEST_1936,618.33594
TEST_1937,300.35196
TEST_1938,279.66165
TEST_1939,224.15404
TEST_1940,66.79689
TEST_1941,105.89289
TEST_1942,109.11752
TEST_1943,51.28819
TEST_1944,1282.9346
TEST_1945,171.57669
TEST_1946,30.505436
TEST_1947,113.24566
TEST_1948,386.83588
TEST_1949,136.49576
TEST_1950,359.47192
TEST_1951,80.448524
TEST_1952,32.86486
TEST_1953,262.68103
TEST_1954,84.07179
TEST_1955,380.99222
TEST_1956,844.67535
TEST_1957,60.244408
TEST_1958,895.97754
TEST_1959,80.64907
TEST_1960,84.54076
TEST_1961,1125.1079
TEST_1962,96.35035
TEST_1963,190.48595
TEST_1964,55.09659
TEST_1965,78.69196
TEST_1966,13.588403
TEST_1967,484.28705
TEST_1968,297.6346
TEST_1969,70.402176
TEST_1970,98.967834
TEST_1971,9.45132
TEST_1972,127.21464
TEST_1973,185.76042
TEST_1974,28.807112
TEST_1975,117.54451
TEST_1976,668.65533
TEST_1977,202.53868
TEST_1978,51.234295
TEST_1979,100.04073
TEST_1980,178.22266
TEST_1981,4.8607755
TEST_1982,42.74213
TEST_1983,239.49945
TEST_1984,276.76175
TEST_1985,-6.3750463
TEST_1986,174.69925
TEST_1987,35.90449
TEST_1988,63.81143
TEST_1989,286.30917
TEST_1990,274.65186
TEST_1991,1357.3147
TEST_1992,790.3702
TEST_1993,73.515144
TEST_1994,112.05443
TEST_1995,77.374054
TEST_1996,433.1875
TEST_1997,46.82138
TEST_1998,173.03896
TEST_1999,89.20903
TEST_2000,46.88985
TEST_2001,187.17496
TEST_2002,454.20523
TEST_2003,-91.99879
TEST_2004,35.67303
TEST_2005,275.64047
TEST_2006,21.649492
TEST_2007,398.54352
TEST_2008,713.8265
TEST_2009,315.07574
TEST_2010,45.92331
TEST_2011,175.83867
TEST_2012,510.06738
TEST_2013,275.83856
TEST_2014,217.52577
TEST_2015,148.65245
TEST_2016,396.68616
TEST_2017,302.32773
TEST_2018,39.762085
TEST_2019,459.53973
TEST_2020,82.79366
TEST_2021,15.320068
TEST_2022,-3.453087
TEST_2023,36.12639
TEST_2024,736.0075
TEST_2025,315.92032
TEST_2026,146.77394
TEST_2027,212.63023
TEST_2028,151.3161
TEST_2029,329.38007
TEST_2030,206.81152
TEST_2031,69.680405
TEST_2032,17.171377
TEST_2033,8.644164
TEST_2034,322.93762
TEST_2035,452.2056
TEST_2036,229.99553
TEST_2037,95.98699
TEST_2038,93.905205
TEST_2039,464.3404
TEST_2040,109.09942
TEST_2041,2.7092772
TEST_2042,322.03415
TEST_2043,130.14586
TEST_2044,158.43378
TEST_2045,1075.4849
TEST_2046,130.39772
TEST_2047,10.929733
TEST_2048,62.231415
TEST_2049,181.95557
TEST_2050,20.501019
TEST_2051,13.548145
TEST_2052,273.69858
TEST_2053,33.4821
TEST_2054,163.60722
TEST_2055,392.8696
TEST_2056,14.929608
TEST_2057,472.5469
TEST_2058,229.82494
TEST_2059,121.88858
TEST_2060,263.46512
TEST_2061,51.354595
TEST_2062,680.18604
TEST_2063,439.062
TEST_2064,836.7075
TEST_2065,647.01105
TEST_2066,172.54652
TEST_2067,51.11394
TEST_2068,181.59663
TEST_2069,58.037064
TEST_2070,143.9326
TEST_2071,115.47798
TEST_2072,265.86948
TEST_2073,290.18466
TEST_2074,36.1495
TEST_2075,165.77834
TEST_2076,102.75191
TEST_2077,94.23276
TEST_2078,55.22755
TEST_2079,652.24805
TEST_2080,532.58905
TEST_2081,-12.847007
TEST_2082,70.73723
TEST_2083,72.737015
TEST_2084,87.74306
TEST_2085,26.128273
TEST_2086,171.15582
TEST_2087,147.66333
TEST_2088,84.52637
TEST_2089,713.9965
TEST_2090,724.4754
TEST_2091,64.68532
TEST_2092,672.9348
TEST_2093,709.7075
TEST_2094,67.824776
TEST_2095,10.979435
TEST_2096,313.41458
TEST_2097,327.163
TEST_2098,85.89088
TEST_2099,437.3284
TEST_2100,115.06929
TEST_2101,511.4048
TEST_2102,363.76666
TEST_2103,-33.88911
TEST_2104,115.844986
TEST_2105,32.53651
TEST_2106,42.6479
TEST_2107,-19.31753
TEST_2108,551.1081
TEST_2109,196.02829
TEST_2110,527.2064
TEST_2111,614.631
TEST_2112,81.06393
TEST_2113,59.193886
TEST_2114,17.254608
TEST_2115,69.7728
TEST_2116,-27.076605
TEST_2117,57.72165
TEST_2118,36.064865
TEST_2119,279.5412
TEST_2120,58.31803
TEST_2121,108.661026
TEST_2122,18.513042
TEST_2123,64.82617
TEST_2124,338.70517
TEST_2125,63.13539
TEST_2126,280.80872
TEST_2127,48.060966
TEST_2128,167.78964
TEST_2129,25.701702
TEST_2130,87.27388
TEST_2131,298.0048
TEST_2132,66.03585
TEST_2133,210.96487
TEST_2134,77.82209
TEST_2135,11.235629
TEST_2136,65.6315
TEST_2137,155.47913
TEST_2138,1494.7035
TEST_2139,251.96588
TEST_2140,186.58228
TEST_2141,1304.3018
TEST_2142,279.27454
TEST_2143,116.98946
TEST_2144,47.994427
TEST_2145,316.7695
TEST_2146,238.80139
TEST_2147,275.92285
TEST_2148,217.74908
TEST_2149,1076.192
TEST_2150,47.045208
TEST_2151,-13.094531
TEST_2152,-13.965645
TEST_2153,94.00096
TEST_2154,90.30496
TEST_2155,30.191786
TEST_2156,-55.176533
TEST_2157,289.1041
TEST_2158,30.638613
TEST_2159,1471.7963
TEST_2160,298.0024
TEST_2161,73.695076
TEST_2162,159.46559
TEST_2163,366.3745
TEST_2164,280.73157
TEST_2165,130.4212
TEST_2166,108.521904
TEST_2167,68.21265
TEST_2168,426.36105
TEST_2169,-24.836636
TEST_2170,427.04938
TEST_2171,404.3192
TEST_2172,69.16016
TEST_2173,8.626127
TEST_2174,156.13992
TEST_2175,41.06484
TEST_2176,308.9363
TEST_2177,41.205093
TEST_2178,95.22489
TEST_2179,1050.6022
TEST_2180,36.10138
TEST_2181,354.91046
TEST_2182,100.79621
TEST_2183,381.01367
TEST_2184,10.191617
TEST_2185,337.2542
TEST_2186,92.44889
TEST_2187,3.0450377
TEST_2188,536.689
TEST_2189,82.66862
TEST_2190,10.384164
TEST_2191,77.56783
TEST_2192,204.09636
TEST_2193,205.68143
TEST_2194,-34.76946
TEST_2195,833.4651
TEST_2196,47.32216
TEST_2197,41.46959
TEST_2198,58.1287
TEST_2199,61.601147
TEST_2200,95.12199
TEST_2201,110.78683
TEST_2202,-3.5680945
TEST_2203,2098.1443
TEST_2204,433.72885
TEST_2205,91.69306
TEST_2206,138.53358
TEST_2207,95.40172
TEST_2208,210.33319
TEST_2209,239.02446
TEST_2210,86.62766
TEST_2211,445.80338
TEST_2212,172.63205
TEST_2213,212.57933
TEST_2214,-20.644386
TEST_2215,59.789608
TEST_2216,7.509265
TEST_2217,317.46555
TEST_2218,144.9131
TEST_2219,-18.399216
TEST_2220,6.2337666
TEST_2221,246.75497
TEST_2222,34.634712
TEST_2223,271.9728
TEST_2224,108.57088
TEST_2225,133.82678
TEST_2226,490.24753
TEST_2227,-9.464835
TEST_2228,574.0132
TEST_2229,804.33105
TEST_2230,205.50818
TEST_2231,238.78181
TEST_2232,141.21552
TEST_2233,-3.3805609
TEST_2234,702.32086
TEST_2235,156.73885
TEST_2236,486.9413
TEST_2237,139.94989
TEST_2238,162.67043
TEST_2239,160.98746
TEST_2240,177.78105
TEST_2241,419.47818
TEST_2242,102.63201
TEST_2243,-8.143943
TEST_2244,-21.12159
TEST_2245,2.5925994
TEST_2246,475.803
TEST_2247,355.0578
TEST_2248,64.84326
TEST_2249,382.0491
TEST_2250,399.6541
TEST_2251,-29.981997
TEST_2252,203.6351
TEST_2253,41.782715
TEST_2254,427.76535
TEST_2255,292.46408
TEST_2256,720.60754
TEST_2257,135.28471
TEST_2258,296.50677
TEST_2259,367.6035
TEST_2260,81.009285
TEST_2261,648.37354
TEST_2262,381.1834
TEST_2263,87.396835
TEST_2264,194.4765
TEST_2265,1104.4542
TEST_2266,216.44377
TEST_2267,46.232796
TEST_2268,40.508343
TEST_2269,69.59853
TEST_2270,294.25024
TEST_2271,583.58826
TEST_2272,-10.841188
TEST_2273,31.357174
TEST_2274,38.4515
TEST_2275,29.043783
TEST_2276,16.04937
TEST_2277,230.32193
TEST_2278,68.88279
TEST_2279,28.62539
TEST_2280,-11.116865
TEST_2281,381.57892
TEST_2282,336.11935
TEST_2283,146.6154
TEST_2284,71.612434
TEST_2285,558.54407
TEST_2286,51.79643
TEST_2287,163.73558
TEST_2288,51.249443
TEST_2289,-82.703636
TEST_2290,155.27252
TEST_2291,719.3607
TEST_2292,357.63977
TEST_2293,28.82775
TEST_2294,468.7828
TEST_2295,520.0628
TEST_2296,233.63542
TEST_2297,356.5346
TEST_2298,69.181725
TEST_2299,10.467434
TEST_2300,425.8869
TEST_2301,436.75247
TEST_2302,431.68152
TEST_2303,47.420216
TEST_2304,51.762863
TEST_2305,163.30104
TEST_2306,210.01393
TEST_2307,330.46405
TEST_2308,58.753048
TEST_2309,401.76382
TEST_2310,448.4565
TEST_2311,42.64007
TEST_2312,-15.509996
TEST_2313,144.19748
TEST_2314,-17.72472
TEST_2315,93.75149
TEST_2316,167.84589
TEST_2317,3.519358
TEST_2318,6.282311
TEST_2319,213.10435
TEST_2320,125.10509
TEST_2321,220.88763
TEST_2322,533.5945
TEST_2323,147.36757
TEST_2324,504.68552
TEST_2325,31.759842
TEST_2326,60.673687
TEST_2327,0.96243
TEST_2328,251.17328
TEST_2329,2529.4746
TEST_2330,558.9324
TEST_2331,52.38806
TEST_2332,78.47463
TEST_2333,362.09738
TEST_2334,16.341394
TEST_2335,30.759253
TEST_2336,1128.5294
TEST_2337,245.10257
TEST_2338,321.58475
TEST_2339,160.93399
TEST_2340,57.113407
TEST_2341,40.270527
TEST_2342,238.36153
TEST_2343,232.68178
TEST_2344,1319.6771
TEST_2345,52.050064
TEST_2346,58.12593
TEST_2347,538.20026
TEST_2348,60.79689
TEST_2349,18.17836
TEST_2350,714.7662
TEST_2351,68.55034
TEST_2352,242.0921
TEST_2353,370.27682
TEST_2354,45.644817
TEST_2355,162.43562
TEST_2356,363.69333
TEST_2357,215.96907
TEST_2358,92.431244
TEST_2359,338.0733
TEST_2360,387.74518
TEST_2361,-76.47515
TEST_2362,174.65955
TEST_2363,-16.059032
TEST_2364,364.35614
TEST_2365,336.48575
TEST_2366,806.6871
TEST_2367,222.39792
TEST_2368,144.00612
TEST_2369,536.34424
TEST_2370,43.02413
TEST_2371,35.755863
TEST_2372,1294.8547
TEST_2373,314.6681
TEST_2374,327.31436
TEST_2375,7.8963733
TEST_2376,402.39926
TEST_2377,499.1593
TEST_2378,65.65378
TEST_2379,83.286674
TEST_2380,215.15385
TEST_2381,165.7668
TEST_2382,152.92502
TEST_2383,465.73514
TEST_2384,117.07796
TEST_2385,34.648693
TEST_2386,871.9612
TEST_2387,127.17519
TEST_2388,983.82825
TEST_2389,260.08588
TEST_2390,137.11786
TEST_2391,-56.150383
TEST_2392,555.5693
TEST_2393,321.87466
TEST_2394,48.64924
TEST_2395,71.02757
TEST_2396,118.64924
TEST_2397,306.5817
TEST_2398,307.30847
TEST_2399,572.3175
TEST_2400,146.72
TEST_2401,-31.790829
TEST_2402,260.9754
TEST_2403,54.391396
TEST_2404,154.43607
TEST_2405,1089.4662
TEST_2406,18.141209
TEST_2407,1101.263
TEST_2408,332.553
TEST_2409,13.693936
TEST_2410,199.25398
TEST_2411,7.059301
TEST_2412,366.5255
TEST_2413,24.410685
TEST_2414,33.194347
TEST_2415,85.92922
TEST_2416,877.0987
TEST_2417,372.51752
TEST_2418,194.6754
TEST_2419,10.781701
TEST_2420,610.6119
TEST_2421,459.99994
TEST_2422,33.232838
TEST_2423,370.9291
TEST_2424,477.05115
TEST_2425,48.359837
TEST_2426,52.428814
TEST_2427,102.940094
TEST_2428,-4.030393
TEST_2429,38.355534
TEST_2430,194.43307
TEST_2431,113.52449
TEST_2432,846.4398
TEST_2433,19.445955
TEST_2434,587.5018
TEST_2435,332.45438
TEST_2436,999.1834
TEST_2437,495.68658
TEST_2438,217.07603
TEST_2439,532.4642
TEST_2440,53.512066
TEST_2441,-7.716219
TEST_2442,-19.30175
TEST_2443,169.3696
TEST_2444,222.17854
TEST_2445,15.938734
TEST_2446,20.318106
TEST_2447,123.45035
TEST_2448,44.734306
TEST_2449,302.79968
TEST_2450,105.19064
TEST_2451,34.597153
TEST_2452,238.56812
TEST_2453,5.686698
TEST_2454,84.60319
TEST_2455,27.539494
TEST_2456,-12.371292
TEST_2457,16.19987
TEST_2458,185.11235
TEST_2459,438.98428
TEST_2460,373.82755
TEST_2461,26.873343
TEST_2462,38.099396
TEST_2463,659.6687
TEST_2464,149.55003
TEST_2465,224.06435
TEST_2466,498.2188
TEST_2467,80.434616
TEST_2468,118.21623
TEST_2469,117.81701
TEST_2470,461.3386
TEST_2471,579.34814
TEST_2472,183.81099
TEST_2473,223.39456
TEST_2474,509.00208
TEST_2475,324.07156
TEST_2476,1370.7732
TEST_2477,204.8607
TEST_2478,-45.07199
TEST_2479,126.90839
TEST_2480,41.631756
TEST_2481,156.44249
TEST_2482,400.69775
TEST_2483,40.562145
TEST_2484,87.1912
TEST_2485,92.749435
TEST_2486,679.175
TEST_2487,139.6757
TEST_2488,145.4151
TEST_2489,24.398443
TEST_2490,844.4039
TEST_2491,-7.9660625
TEST_2492,12.954778
TEST_2493,47.846107
TEST_2494,272.62756
TEST_2495,338.877
TEST_2496,636.71185
TEST_2497,61.78191
TEST_2498,311.3468
TEST_2499,266.85892
TEST_2500,81.771255
TEST_2501,108.44466
TEST_2502,8.855351
TEST_2503,283.7223
TEST_2504,800.0075
TEST_2505,22.475847
TEST_2506,453.74817
TEST_2507,111.22167
TEST_2508,73.58608
TEST_2509,206.47623
TEST_2510,340.26065
TEST_2511,7.107511
TEST_2512,113.09948
TEST_2513,315.42807
TEST_2514,438.62268
TEST_2515,212.72081
TEST_2516,86.49476
TEST_2517,145.51607
TEST_2518,120.132385
TEST_2519,12.134132
TEST_2520,506.304
TEST_2521,19.5659
TEST_2522,149.11642
TEST_2523,458.83572
TEST_2524,322.2018
TEST_2525,57.508217
TEST_2526,239.7397
TEST_2527,641.72974
TEST_2528,678.26666
TEST_2529,140.25009
TEST_2530,212.67444
TEST_2531,598.12305
TEST_2532,776.7607
TEST_2533,6.287521
TEST_2534,87.83093
TEST_2535,25.116638
TEST_2536,15.643262
TEST_2537,38.739437
TEST_2538,1079.3118
TEST_2539,163.1077
TEST_2540,1198.1844
TEST_2541,132.0123
TEST_2542,50.584106
TEST_2543,127.291306
TEST_2544,102.6603
TEST_2545,425.1642
TEST_2546,208.83997
TEST_2547,-67.99819
TEST_2548,841.3614
TEST_2549,55.448734
TEST_2550,87.82219
TEST_2551,346.30957
TEST_2552,75.04228
TEST_2553,248.80614
TEST_2554,91.449936
TEST_2555,409.07242
TEST_2556,101.53388
TEST_2557,49.60354
TEST_2558,824.49866
TEST_2559,22.747578
TEST_2560,6.2604547
TEST_2561,13.458678
TEST_2562,2579.9512
TEST_2563,69.16462
TEST_2564,691.41956
TEST_2565,165.01501
TEST_2566,17.74476
TEST_2567,383.87924
TEST_2568,13.792655
TEST_2569,36.742233
TEST_2570,163.96873
TEST_2571,254.25266
TEST_2572,64.00316
TEST_2573,704.7716
TEST_2574,947.85223
TEST_2575,290.82346
TEST_2576,409.92584
TEST_2577,205.3233
TEST_2578,23.901384
TEST_2579,698.68884
TEST_2580,41.85432
TEST_2581,35.476547
TEST_2582,337.5934
TEST_2583,105.54728
TEST_2584,74.74556
TEST_2585,46.116497
TEST_2586,99.29176
TEST_2587,382.64822
TEST_2588,150.2807
TEST_2589,493.15515
TEST_2590,193.92528
TEST_2591,52.136547
TEST_2592,135.98694
TEST_2593,246.73428
TEST_2594,106.93184
TEST_2595,57.021973
TEST_2596,218.00325
TEST_2597,512.46765
TEST_2598,57.821213
TEST_2599,901.02484
TEST_2600,525.1076
TEST_2601,90.79159
TEST_2602,50.049423
TEST_2603,433.28445
TEST_2604,875.367
TEST_2605,44.852486
TEST_2606,101.181335
TEST_2607,7.6719055
TEST_2608,25.548336
TEST_2609,312.8763
TEST_2610,56.75762
TEST_2611,9.07064
TEST_2612,5.698788
TEST_2613,129.38661
TEST_2614,413.9139
TEST_2615,67.74014
TEST_2616,124.02969
TEST_2617,44.059444
TEST_2618,156.95288
TEST_2619,142.7328
TEST_2620,729.8751
TEST_2621,175.7164
TEST_2622,76.56879
TEST_2623,211.07921
TEST_2624,310.74484
TEST_2625,1531.8081
TEST_2626,1023.9292
TEST_2627,178.21408
TEST_2628,54.816936
TEST_2629,26.885727
TEST_2630,-21.924305
TEST_2631,134.26172
TEST_2632,27.561647
TEST_2633,136.18501
TEST_2634,439.33035
TEST_2635,1615.343
TEST_2636,722.72797
TEST_2637,461.944
TEST_2638,184.06644
TEST_2639,84.78179
TEST_2640,41.456818
TEST_2641,146.71556
TEST_2642,673.515
TEST_2643,370.278
TEST_2644,7.7353477
TEST_2645,136.75485
TEST_2646,-18.577503
TEST_2647,486.4149
TEST_2648,162.06485
TEST_2649,175.71255
TEST_2650,166.41495
TEST_2651,97.259285
TEST_2652,666.6418
TEST_2653,571.6025
TEST_2654,41.531403
TEST_2655,221.20345
TEST_2656,349.8976
TEST_2657,317.50763
TEST_2658,476.73358
TEST_2659,597.64606
TEST_2660,420.5446
TEST_2661,486.27213
TEST_2662,76.30446
TEST_2663,17.13632
TEST_2664,92.33657
TEST_2665,65.25042
TEST_2666,21.082245
TEST_2667,130.8007
TEST_2668,540.0989
TEST_2669,79.9676
TEST_2670,199.9261
TEST_2671,362.73285
TEST_2672,53.62486
TEST_2673,95.56042
TEST_2674,110.80519
TEST_2675,166.9819
TEST_2676,10.925039
TEST_2677,47.15463
TEST_2678,-10.485395
TEST_2679,206.9013
TEST_2680,1856.5884
TEST_2681,17.475954
TEST_2682,42.84805
TEST_2683,-12.282438
TEST_2684,10.483319
TEST_2685,161.69534
TEST_2686,173.20122
TEST_2687,6.2645454
TEST_2688,165.03467
TEST_2689,324.47134
TEST_2690,107.13529
TEST_2691,213.0193
TEST_2692,173.62914
TEST_2693,150.98448
TEST_2694,174.9529
TEST_2695,534.9619
TEST_2696,557.1693
TEST_2697,68.97013
TEST_2698,30.407383
TEST_2699,1233.309
TEST_2700,244.81512
TEST_2701,70.59559
TEST_2702,127.99165
TEST_2703,219.71455
TEST_2704,47.019127
TEST_2705,192.08862
TEST_2706,158.98032
TEST_2707,370.0791
TEST_2708,336.08884
TEST_2709,264.95612
TEST_2710,165.47429
TEST_2711,65.500275
TEST_2712,323.7252
TEST_2713,22.53535
TEST_2714,68.5458
TEST_2715,200.94553
TEST_2716,377.09915
TEST_2717,406.53973
TEST_2718,32.286285
TEST_2719,65.92416
TEST_2720,237.60423
TEST_2721,271.41766
TEST_2722,132.00517
TEST_2723,200.85501
TEST_2724,277.1681
TEST_2725,50.915268
TEST_2726,29.551708
TEST_2727,41.497982
TEST_2728,138.36989
TEST_2729,21.4715
TEST_2730,32.123684
TEST_2731,193.42453
TEST_2732,530.7712
TEST_2733,443.21466
TEST_2734,28.1907
TEST_2735,263.4478
TEST_2736,87.71914
TEST_2737,334.07748
TEST_2738,415.19348
TEST_2739,47.723274
TEST_2740,465.52948
TEST_2741,794.10345
TEST_2742,912.32825
TEST_2743,355.63058
TEST_2744,83.66125
TEST_2745,191.51706
TEST_2746,115.2556
TEST_2747,414.6784
TEST_2748,77.189316
TEST_2749,29.888958
TEST_2750,39.896248
TEST_2751,49.28565
TEST_2752,740.0871
TEST_2753,699.425
TEST_2754,5.330475
TEST_2755,104.36616
TEST_2756,120.135284
TEST_2757,729.9993
TEST_2758,266.72476
TEST_2759,686.9746
TEST_2760,186.83417
TEST_2761,143.53395
TEST_2762,80.24051
TEST_2763,355.66226
TEST_2764,27.36053
TEST_2765,727.0221
TEST_2766,241.32062
TEST_2767,170.37608
TEST_2768,107.31982
TEST_2769,102.175255
TEST_2770,111.89095
TEST_2771,204.16475
TEST_2772,364.7554
TEST_2773,18.368439
TEST_2774,412.58994
TEST_2775,272.29245
TEST_2776,310.84952
TEST_2777,171.79439
TEST_2778,1130.5188
TEST_2779,46.54255
TEST_2780,167.59314
TEST_2781,1197.3201
TEST_2782,470.41336
TEST_2783,47.285072
TEST_2784,187.82054
TEST_2785,357.77176
TEST_2786,40.464222
TEST_2787,43.158855
TEST_2788,468.9243
TEST_2789,176.20529
TEST_2790,226.9413
TEST_2791,227.7909
TEST_2792,445.5578
TEST_2793,78.78729
TEST_2794,99.25562
TEST_2795,621.6111
TEST_2796,188.10188
TEST_2797,450.81348
TEST_2798,64.1876
TEST_2799,-36.830364
TEST_2800,238.3255
TEST_2801,239.70436
TEST_2802,57.47991
TEST_2803,330.5021
TEST_2804,31.664597
TEST_2805,46.78324
TEST_2806,70.61669
TEST_2807,473.1603
TEST_2808,222.55673
TEST_2809,114.869865
TEST_2810,261.97052
TEST_2811,340.80377
TEST_2812,87.943985
TEST_2813,119.174934
TEST_2814,233.11485
TEST_2815,28.000832
TEST_2816,68.68709
TEST_2817,57.408657
TEST_2818,31.477398
TEST_2819,16.009708
TEST_2820,98.03041
TEST_2821,115.71144
TEST_2822,208.92447
TEST_2823,33.34542
TEST_2824,145.81854
TEST_2825,779.2045
TEST_2826,422.86084
TEST_2827,1104.0168
TEST_2828,95.34077
TEST_2829,1125.3914
TEST_2830,74.325066
TEST_2831,174.69945
TEST_2832,209.07053
TEST_2833,-0.88193196
TEST_2834,200.48792
TEST_2835,148.61392
TEST_2836,578.6299
TEST_2837,-56.334324
TEST_2838,422.71454
TEST_2839,96.18279
TEST_2840,329.8095
TEST_2841,245.79578
TEST_2842,1064.5374
TEST_2843,157.16214
TEST_2844,410.35748
TEST_2845,98.62204
TEST_2846,701.788
TEST_2847,365.35675
TEST_2848,85.671394
TEST_2849,353.04907
TEST_2850,92.696434
TEST_2851,452.07013
TEST_2852,101.454506
TEST_2853,73.650375
TEST_2854,16.626207
TEST_2855,107.96383
TEST_2856,885.2925
TEST_2857,330.85117
TEST_2858,66.66577
TEST_2859,258.75357
TEST_2860,179.20549
TEST_2861,637.1953
TEST_2862,37.65073
TEST_2863,581.1463
TEST_2864,127.93407
TEST_2865,3.7751021
TEST_2866,170.70786
TEST_2867,158.43922
TEST_2868,151.00069
TEST_2869,117.05896
TEST_2870,31.18584
TEST_2871,337.5996
TEST_2872,248.31174
TEST_2873,945.648
TEST_2874,721.24347
TEST_2875,47.41958
TEST_2876,42.503883
TEST_2877,1385.7465
TEST_2878,310.63174
TEST_2879,47.730614
TEST_2880,417.54474
TEST_2881,79.58474
TEST_2882,289.0172
TEST_2883,163.49341
TEST_2884,128.60588
TEST_2885,422.47134
TEST_2886,470.99026
TEST_2887,562.1624
TEST_2888,182.6903
TEST_2889,56.538425
TEST_2890,886.49677
TEST_2891,111.840126
TEST_2892,95.6565
TEST_2893,401.82828
TEST_2894,246.83025
TEST_2895,964.0437
TEST_2896,206.28555
TEST_2897,220.90164
TEST_2898,152.31735
TEST_2899,75.6773
TEST_2900,270.28644
TEST_2901,389.40707
TEST_2902,10.637861
TEST_2903,159.19185
TEST_2904,399.54135
TEST_2905,105.718
TEST_2906,1525.6852
TEST_2907,315.40634
TEST_2908,54.49305
TEST_2909,56.01525
TEST_2910,846.4511
TEST_2911,582.8932
TEST_2912,144.59009
TEST_2913,10.113216
TEST_2914,699.5495
TEST_2915,158.41884
TEST_2916,771.05914
TEST_2917,-14.035216
TEST_2918,142.31195
TEST_2919,36.328266
TEST_2920,175.30963
TEST_2921,125.80265
TEST_2922,398.01453
TEST_2923,337.84546
TEST_2924,8.127335
TEST_2925,307.27448
TEST_2926,339.72528
TEST_2927,93.34291
TEST_2928,27.678774
TEST_2929,195.12482
TEST_2930,168.9651
TEST_2931,-3.0321236
TEST_2932,236.44022
TEST_2933,65.09757
TEST_2934,32.892975
TEST_2935,835.18286
TEST_2936,22.466417
TEST_2937,69.26489
TEST_2938,26.816017
TEST_2939,61.064304
TEST_2940,43.71451
TEST_2941,234.98862
TEST_2942,675.3341
TEST_2943,562.25604
TEST_2944,290.0712
TEST_2945,384.76807
TEST_2946,113.666756
TEST_2947,379.94586
TEST_2948,395.03644
TEST_2949,244.23135
TEST_2950,196.69376
TEST_2951,1750.8126
TEST_2952,209.09276
TEST_2953,130.0752
TEST_2954,102.55769
TEST_2955,691.3374
TEST_2956,901.34045
TEST_2957,398.90347
TEST_2958,228.85522
TEST_2959,1090.1449
TEST_2960,609.34796
TEST_2961,25.752022
TEST_2962,737.06537
TEST_2963,1786.7446
TEST_2964,229.394
TEST_2965,208.45842
TEST_2966,71.24932
TEST_2967,-115.28493
TEST_2968,1080.0286
TEST_2969,63.86479
TEST_2970,50.86227
TEST_2971,954.2857
TEST_2972,519.17694
TEST_2973,217.906
TEST_2974,81.21449
TEST_2975,205.76094
TEST_2976,698.6942
TEST_2977,36.018154
TEST_2978,678.4375
TEST_2979,132.18677
TEST_2980,157.86824
TEST_2981,60.845203
TEST_2982,920.92163
TEST_2983,130.83366
TEST_2984,1160.1416
TEST_2985,129.27228
TEST_2986,245.81908
TEST_2987,403.44748
TEST_2988,54.776833
TEST_2989,455.863
TEST_2990,76.13638
TEST_2991,1191.5266
TEST_2992,48.207287
TEST_2993,40.871582
TEST_2994,51.02009
TEST_2995,196.57874
TEST_2996,90.18661
TEST_2997,203.84026
TEST_2998,1173.2404
TEST_2999,50.709187
TEST_3000,46.143543
TEST_3001,165.43213
TEST_3002,153.68533
TEST_3003,42.948402
TEST_3004,1217.2395
TEST_3005,22.543169
TEST_3006,27.570288
TEST_3007,-2.4680405
TEST_3008,6.9420514
TEST_3009,475.76062
TEST_3010,536.7554
TEST_3011,28.102451
TEST_3012,278.38815
TEST_3013,30.83446
TEST_3014,1465.2744
TEST_3015,228.23871
TEST_3016,71.68657
TEST_3017,1237.2511
TEST_3018,122.572296
TEST_3019,130.75012
TEST_3020,909.7136
TEST_3021,122.343
TEST_3022,-20.769505
TEST_3023,258.6398
TEST_3024,43.304607
TEST_3025,142.83379
TEST_3026,303.30356
TEST_3027,77.895775
TEST_3028,5.71294
TEST_3029,230.09555
TEST_3030,117.88599
TEST_3031,44.56571
TEST_3032,285.462
TEST_3033,360.97256
TEST_3034,117.574066
TEST_3035,76.271774
TEST_3036,141.85031
TEST_3037,28.308924
TEST_3038,68.98673
TEST_3039,271.18906
TEST_3040,42.482967
TEST_3041,128.05423
TEST_3042,52.35379
TEST_3043,-24.206936
TEST_3044,416.05603
TEST_3045,144.64075
TEST_3046,317.238
TEST_3047,907.6204
TEST_3048,6.816622
TEST_3049,-14.858538
TEST_3050,115.10068
TEST_3051,84.8451
TEST_3052,131.96898
TEST_3053,669.0746
TEST_3054,771.7674
TEST_3055,444.58905
TEST_3056,282.78864
TEST_3057,441.01562
TEST_3058,289.1027
TEST_3059,24.496668
TEST_3060,133.05363
TEST_3061,614.3102
TEST_3062,160.49495
TEST_3063,98.967026
TEST_3064,47.09568
TEST_3065,237.31012
TEST_3066,626.3324
TEST_3067,99.67626
TEST_3068,73.49317
TEST_3069,262.6799
TEST_3070,716.45416
TEST_3071,252.20746
TEST_3072,204.31038
TEST_3073,331.56473
TEST_3074,58.989307
TEST_3075,151.41838
TEST_3076,7.8856936
TEST_3077,450.37445
TEST_3078,163.17989
TEST_3079,50.60558
TEST_3080,287.33792
TEST_3081,52.226692
TEST_3082,449.09
TEST_3083,14.324938
TEST_3084,792.81714
TEST_3085,1385.2777
TEST_3086,1024.3077
TEST_3087,24.142752
TEST_3088,173.23608
TEST_3089,23.998636
TEST_3090,442.9298
TEST_3091,22.604626
TEST_3092,188.6013
TEST_3093,746.4896
TEST_3094,926.3715
TEST_3095,205.30928
TEST_3096,393.5952
TEST_3097,38.403236
TEST_3098,697.8639
TEST_3099,210.81738
TEST_3100,154.80203
TEST_3101,-26.895931
TEST_3102,41.38536
TEST_3103,162.95003
TEST_3104,87.563194
TEST_3105,225.65782
TEST_3106,109.40309
TEST_3107,151.59818
TEST_3108,31.289913
TEST_3109,410.42657
TEST_3110,183.55168
TEST_3111,81.325035
TEST_3112,52.282993
TEST_3113,285.86844
TEST_3114,190.98697
TEST_3115,622.7321
TEST_3116,140.6189
TEST_3117,73.52221
TEST_3118,437.05402
TEST_3119,36.13041
TEST_3120,518.7676
TEST_3121,18.974848
TEST_3122,20.284325
TEST_3123,291.51566
TEST_3124,614.69775
TEST_3125,-23.500113
TEST_3126,137.74635
TEST_3127,2.7282424
TEST_3128,23.757105
TEST_3129,10.073223
TEST_3130,101.82861
TEST_3131,280.3167
TEST_3132,113.63417
TEST_3133,190.72568
TEST_3134,-33.128185
TEST_3135,77.3175
TEST_3136,286.7637
TEST_3137,318.77237
TEST_3138,164.38835
TEST_3139,-41.76002
TEST_3140,37.75237
TEST_3141,58.891888
TEST_3142,424.23184
TEST_3143,369.0057
TEST_3144,2.8674626
TEST_3145,1153.414
TEST_3146,222.06863
TEST_3147,542.7021
TEST_3148,315.18707
TEST_3149,23.180264
TEST_3150,48.069103
TEST_3151,112.615135
TEST_3152,163.92953
TEST_3153,87.94702
TEST_3154,228.9986
TEST_3155,61.760597
TEST_3156,38.4521
TEST_3157,3.67471
TEST_3158,187.1022
TEST_3159,139.46323
TEST_3160,518.7161
TEST_3161,174.43448
TEST_3162,126.585335
TEST_3163,12.917912
TEST_3164,337.85324
TEST_3165,775.7748
TEST_3166,52.318108
TEST_3167,396.42508
TEST_3168,107.5492
TEST_3169,234.6656
TEST_3170,85.53451
TEST_3171,122.2562
TEST_3172,281.92822
TEST_3173,1191.16
TEST_3174,145.45126
TEST_3175,136.66696
TEST_3176,318.94376
TEST_3177,267.9075
TEST_3178,579.4101
TEST_3179,92.30532
TEST_3180,318.98547
TEST_3181,1015.4617
TEST_3182,765.34143
TEST_3183,94.30105
TEST_3184,51.24259
TEST_3185,62.083782
TEST_3186,-3.6229784
TEST_3187,33.72078
TEST_3188,203.59413
TEST_3189,779.53436
TEST_3190,891.5549
TEST_3191,12.269654
TEST_3192,18.524628
TEST_3193,141.21487
TEST_3194,273.96738
TEST_3195,380.71283
TEST_3196,134.73824
TEST_3197,166.18079
TEST_3198,293.42935
TEST_3199,627.5456
TEST_3200,92.562164
TEST_3201,445.89743
TEST_3202,266.94458
TEST_3203,15.090716
TEST_3204,72.349754
TEST_3205,161.70363
TEST_3206,41.01743
TEST_3207,114.64329
TEST_3208,131.31499
TEST_3209,90.27064
TEST_3210,83.51282
TEST_3211,524.29944
TEST_3212,73.143654
TEST_3213,1219.7526
TEST_3214,-21.550526
TEST_3215,462.79202
TEST_3216,52.703896
TEST_3217,83.98615
TEST_3218,72.77997
TEST_3219,190.89027
TEST_3220,94.77266
TEST_3221,347.60498
TEST_3222,28.23892
TEST_3223,552.8775
TEST_3224,565.5039
TEST_3225,351.23148
TEST_3226,91.498665
TEST_3227,529.22046
TEST_3228,504.55368
TEST_3229,40.512444
TEST_3230,162.596
TEST_3231,662.26245
TEST_3232,22.55403
TEST_3233,40.570305
TEST_3234,46.180283
TEST_3235,146.93854
TEST_3236,-25.030642
TEST_3237,583.4384
TEST_3238,257.44553
TEST_3239,755.2509
TEST_3240,223.6281
TEST_3241,536.11536
TEST_3242,565.3086
TEST_3243,73.22675
TEST_3244,191.18216
TEST_3245,999.9683
TEST_3246,2.9742956
TEST_3247,475.0327
TEST_3248,428.4714
TEST_3249,330.72202
TEST_3250,2.3578002
TEST_3251,392.889
TEST_3252,90.48346
TEST_3253,99.924965
TEST_3254,45.637833
TEST_3255,139.46167
TEST_3256,424.45502
TEST_3257,106.747314
TEST_3258,70.57879
TEST_3259,765.7747
TEST_3260,-15.961897
TEST_3261,200.54774
TEST_3262,88.904884
TEST_3263,206.53345
TEST_3264,1543.1982
TEST_3265,16.311646
TEST_3266,62.74426
TEST_3267,107.97052
TEST_3268,152.57985
TEST_3269,1635.6753
TEST_3270,887.0479
TEST_3271,19.895826
TEST_3272,375.28226
TEST_3273,169.25038
TEST_3274,-39.406925
TEST_3275,374.91092
TEST_3276,372.50214
TEST_3277,398.17554
TEST_3278,788.78595
TEST_3279,0.87737894
TEST_3280,33.54061
TEST_3281,44.421318
TEST_3282,63.867443
TEST_3283,277.81067
TEST_3284,-26.22267
TEST_3285,929.1052
TEST_3286,333.88016
TEST_3287,32.06014
TEST_3288,435.7656
TEST_3289,61.647408
TEST_3290,199.58821
TEST_3291,102.12788
TEST_3292,97.03032
TEST_3293,289.57184
TEST_3294,59.384624
TEST_3295,54.244152
TEST_3296,780.74365
TEST_3297,584.2987
TEST_3298,489.5295
TEST_3299,794.38904
TEST_3300,88.420494
TEST_3301,453.12582
TEST_3302,134.69577
TEST_3303,510.22208
TEST_3304,66.424736
TEST_3305,249.57356
TEST_3306,383.14575
TEST_3307,329.8227
TEST_3308,127.66789
TEST_3309,258.75616
TEST_3310,23.664936
TEST_3311,165.38347
TEST_3312,181.76027
TEST_3313,36.194275
TEST_3314,342.5696
TEST_3315,70.27283
TEST_3316,-22.212645
TEST_3317,60.779667
TEST_3318,225.74084
TEST_3319,273.74823
TEST_3320,891.4819
TEST_3321,44.628357
TEST_3322,305.56894
TEST_3323,148.80586
TEST_3324,3.8726585
TEST_3325,86.244995
TEST_3326,210.92549
TEST_3327,288.18893
TEST_3328,45.575634
TEST_3329,409.34592
TEST_3330,34.607555
TEST_3331,418.08875
TEST_3332,126.16267
TEST_3333,83.64747
TEST_3334,89.73782
TEST_3335,203.36876
TEST_3336,198.05411
TEST_3337,59.882378
TEST_3338,381.91034
TEST_3339,141.13141
TEST_3340,779.59143
TEST_3341,279.0631
TEST_3342,366.13565
TEST_3343,86.09764
TEST_3344,296.01584
TEST_3345,28.91259
TEST_3346,98.21652
TEST_3347,247.65948
TEST_3348,6.3390455
TEST_3349,85.75503
TEST_3350,215.22467
TEST_3351,132.39714
TEST_3352,351.62042
TEST_3353,94.03216
TEST_3354,197.90889
TEST_3355,-79.50697
TEST_3356,335.8121
TEST_3357,70.712326
TEST_3358,368.77414
TEST_3359,49.851475
TEST_3360,319.98645
TEST_3361,225.86002
TEST_3362,492.1855
TEST_3363,28.719828
TEST_3364,55.056747
TEST_3365,236.56882
TEST_3366,8.417552
TEST_3367,100.46082
TEST_3368,166.24298
TEST_3369,161.27718
TEST_3370,218.6147
TEST_3371,118.44123
TEST_3372,370.6258
TEST_3373,322.2716
TEST_3374,110.630905
TEST_3375,43.12701
TEST_3376,72.686195
TEST_3377,1112.6973
TEST_3378,740.3404
TEST_3379,328.37646
TEST_3380,-53.02984
TEST_3381,26.77884
TEST_3382,6.187227
TEST_3383,97.39747
TEST_3384,474.1149
TEST_3385,761.3245
TEST_3386,121.64221
TEST_3387,222.3138
TEST_3388,162.56148
TEST_3389,36.64382
TEST_3390,-3.8753912
TEST_3391,82.4556
TEST_3392,22.596046
TEST_3393,-23.559467
TEST_3394,286.1061
TEST_3395,111.30689
TEST_3396,336.1612
TEST_3397,249.44896
TEST_3398,77.94996
TEST_3399,219.63336
TEST_3400,171.70201
TEST_3401,-13.235334
TEST_3402,174.59285
TEST_3403,108.0616
TEST_3404,16.264963
TEST_3405,310.41772
TEST_3406,333.12607
TEST_3407,342.9011
TEST_3408,108.16977
TEST_3409,249.98897
TEST_3410,22.748434
TEST_3411,283.18448
TEST_3412,-3.152667
TEST_3413,55.69125
TEST_3414,15.877355
TEST_3415,128.67867
TEST_3416,182.93039
TEST_3417,286.79745
TEST_3418,386.53342
TEST_3419,42.12265
TEST_3420,129.92007
TEST_3421,76.67462
TEST_3422,332.5132
TEST_3423,56.225048
TEST_3424,32.728386
TEST_3425,49.770325
TEST_3426,235.12668
TEST_3427,29.649399
TEST_3428,113.79087
TEST_3429,288.2931
TEST_3430,37.751938
TEST_3431,105.31446
TEST_3432,216.984
TEST_3433,739.1604
TEST_3434,1189.8325
TEST_3435,238.5419
TEST_3436,121.35905
TEST_3437,-16.564245
TEST_3438,17.213444
TEST_3439,235.9808
TEST_3440,137.75644
TEST_3441,180.58894
TEST_3442,2024.4286
TEST_3443,152.93045
TEST_3444,40.68223
TEST_3445,66.91115
TEST_3446,151.80566
TEST_3447,26.146646
TEST_3448,94.7401
TEST_3449,80.45922
TEST_3450,22.548716
TEST_3451,318.5993
TEST_3452,66.320946
TEST_3453,62.23022
TEST_3454,408.76007
TEST_3455,48.71305
TEST_3456,48.666782
TEST_3457,347.70898
TEST_3458,310.17194
TEST_3459,194.14871
TEST_3460,31.004478
TEST_3461,301.85135
TEST_3462,85.78188
TEST_3463,98.90145
TEST_3464,355.80838
TEST_3465,355.52658
TEST_3466,157.3675
TEST_3467,78.823456
TEST_3468,78.3869
TEST_3469,-3.4469042
TEST_3470,45.78658
TEST_3471,496.0116
TEST_3472,329.57153
TEST_3473,364.42398
TEST_3474,46.773342
TEST_3475,524.049
TEST_3476,194.65594
TEST_3477,120.22609
TEST_3478,44.022762
TEST_3479,236.72278
TEST_3480,87.468925
TEST_3481,18.528624
TEST_3482,65.619644
TEST_3483,793.85455
TEST_3484,661.4651
TEST_3485,65.64431
TEST_3486,63.68037
TEST_3487,75.391266
TEST_3488,850.4295
TEST_3489,71.61262
TEST_3490,28.836899
TEST_3491,263.38623
TEST_3492,537.61224
TEST_3493,192.0597
TEST_3494,63.290947
TEST_3495,464.17828
TEST_3496,148.59071
TEST_3497,41.85099
TEST_3498,774.4499
TEST_3499,12.884245
TEST_3500,94.847275
TEST_3501,993.28674
TEST_3502,206.08316
TEST_3503,1105.0151
TEST_3504,390.2076
TEST_3505,70.451775
TEST_3506,74.85394
TEST_3507,40.002514
TEST_3508,502.34805
TEST_3509,647.4271
TEST_3510,154.34885
TEST_3511,9.603632
TEST_3512,68.213264
TEST_3513,39.156986
TEST_3514,16.18261
TEST_3515,252.6486
TEST_3516,211.23534
TEST_3517,84.32248
TEST_3518,215.18031
TEST_3519,167.6006
TEST_3520,168.02898
TEST_3521,594.92377
TEST_3522,25.176823
TEST_3523,113.46205
TEST_3524,47.174152
TEST_3525,55.814075
TEST_3526,91.87653
TEST_3527,29.402903
TEST_3528,227.21127
TEST_3529,36.181477
TEST_3530,14.459327
TEST_3531,360.8083
TEST_3532,456.90967
TEST_3533,300.08466
TEST_3534,57.28115
TEST_3535,32.15812
TEST_3536,73.18885
TEST_3537,34.88238
TEST_3538,199.33157
TEST_3539,736.4954
TEST_3540,17.252882
TEST_3541,255.78154
TEST_3542,298.73184
TEST_3543,88.6628
TEST_3544,59.865154
TEST_3545,1620.2078
TEST_3546,34.92921
TEST_3547,264.25735
TEST_3548,165.65845
TEST_3549,6.6025705
TEST_3550,16.976263
TEST_3551,74.51067
TEST_3552,340.29855
TEST_3553,419.14145
TEST_3554,205.31358
TEST_3555,172.47925
TEST_3556,101.48092
TEST_3557,46.58169
TEST_3558,330.801
TEST_3559,134.43071
TEST_3560,9.245232
TEST_3561,223.64214
TEST_3562,86.13304
TEST_3563,27.971489
TEST_3564,232.757
TEST_3565,50.80931
TEST_3566,63.14413
TEST_3567,559.9678
TEST_3568,1315.3667
TEST_3569,590.271
TEST_3570,463.8187
TEST_3571,20.266422
TEST_3572,86.71726
TEST_3573,40.996384
TEST_3574,214.96986
TEST_3575,458.75156
TEST_3576,383.78662
TEST_3577,237.8149
TEST_3578,102.729
TEST_3579,229.95453
TEST_3580,156.17363
TEST_3581,191.93805
TEST_3582,244.91661
TEST_3583,225.7616
TEST_3584,659.6119
TEST_3585,208.07698
TEST_3586,106.60369
TEST_3587,153.51714
TEST_3588,3.752136
TEST_3589,146.88083
TEST_3590,278.0456
TEST_3591,88.93957
TEST_3592,120.98029
TEST_3593,37.481014
TEST_3594,-7.349381
TEST_3595,32.349453
TEST_3596,16.050802
TEST_3597,57.85473
TEST_3598,187.15355
TEST_3599,1480.0573
TEST_3600,55.510662
TEST_3601,32.26433
TEST_3602,255.20744
TEST_3603,310.98642
TEST_3604,19.473967
TEST_3605,152.6014
TEST_3606,201.21901
TEST_3607,158.62714
TEST_3608,179.21703
TEST_3609,32.090733
TEST_3610,-14.66856
TEST_3611,387.47986
TEST_3612,567.31213
TEST_3613,562.77576
TEST_3614,1073.3857
TEST_3615,380.55676
TEST_3616,248.23254
TEST_3617,73.284515
TEST_3618,371.3774
TEST_3619,226.74977
TEST_3620,31.633608
TEST_3621,259.33795
TEST_3622,427.9709
TEST_3623,42.18787
TEST_3624,55.094486
TEST_3625,13.37286
TEST_3626,126.69275
TEST_3627,236.12672
TEST_3628,166.32602
TEST_3629,714.3709
TEST_3630,451.4569
TEST_3631,14.73749
TEST_3632,232.61494
TEST_3633,-10.092365
TEST_3634,169.16154
TEST_3635,65.67197
TEST_3636,109.517525
TEST_3637,272.26636
TEST_3638,704.3094
TEST_3639,662.2123
TEST_3640,67.153305
TEST_3641,-92.159904
TEST_3642,386.69104
TEST_3643,378.0249
TEST_3644,294.57074
TEST_3645,357.31583
TEST_3646,-18.635809
TEST_3647,123.2108
TEST_3648,66.026985
TEST_3649,38.53159
TEST_3650,47.771805
TEST_3651,85.43164
TEST_3652,116.02465
TEST_3653,911.7523
TEST_3654,1559.4954
TEST_3655,334.95016
TEST_3656,281.67615
TEST_3657,221.21397
TEST_3658,198.99207
TEST_3659,1684.2079
TEST_3660,257.93536
TEST_3661,657.1564
TEST_3662,32.292194
TEST_3663,397.42322
TEST_3664,79.46599
TEST_3665,398.0827
TEST_3666,-26.670456
TEST_3667,1476.2258
TEST_3668,255.19342
TEST_3669,251.83972
TEST_3670,26.659832
TEST_3671,70.354645
TEST_3672,575.5116
TEST_3673,-69.47988
TEST_3674,-43.067112
TEST_3675,56.797443
TEST_3676,-19.394192
TEST_3677,122.73213
TEST_3678,1182.8608
TEST_3679,225.21204
TEST_3680,168.02574
TEST_3681,15.152656
TEST_3682,35.241684
TEST_3683,209.55774
TEST_3684,-18.61986
TEST_3685,50.580715
TEST_3686,156.33739
TEST_3687,44.456226
TEST_3688,-18.106249
TEST_3689,323.42255
TEST_3690,41.9347
TEST_3691,412.57803
TEST_3692,363.40787
TEST_3693,777.0292
TEST_3694,597.57654
TEST_3695,2029.1738
TEST_3696,301.77805
TEST_3697,262.13733
TEST_3698,184.98448
TEST_3699,350.5237
TEST_3700,-116.82445
TEST_3701,120.64223
TEST_3702,52.607327
TEST_3703,50.46637
TEST_3704,9.843185
TEST_3705,82.417274
TEST_3706,709.61554
TEST_3707,85.104294
TEST_3708,377.19998
TEST_3709,389.68478
TEST_3710,-47.07704
TEST_3711,84.90051
TEST_3712,382.65594
TEST_3713,525.82007
TEST_3714,390.0955
TEST_3715,493.45505
TEST_3716,125.68246
TEST_3717,371.37018
TEST_3718,172.79477
TEST_3719,158.32773
TEST_3720,492.2748
TEST_3721,-12.820613
TEST_3722,43.696842
TEST_3723,461.1715
TEST_3724,534.603
TEST_3725,114.65875
TEST_3726,11.635387
TEST_3727,212.01936
TEST_3728,141.93056
TEST_3729,1093.4756
TEST_3730,393.3254
TEST_3731,103.15068
TEST_3732,17.768333
TEST_3733,29.145704
TEST_3734,340.87238
TEST_3735,106.28132
TEST_3736,109.02635
TEST_3737,45.87019
TEST_3738,102.25446
TEST_3739,115.12775
TEST_3740,116.02243
TEST_3741,39.984657
TEST_3742,37.20066
TEST_3743,218.43146
TEST_3744,27.115927
TEST_3745,533.4377
TEST_3746,496.6824
TEST_3747,574.5711
TEST_3748,17.375227
TEST_3749,463.9496
TEST_3750,256.66232
TEST_3751,136.31192
TEST_3752,661.5188
TEST_3753,526.89844
TEST_3754,1233.8766
TEST_3755,335.72815
TEST_3756,267.58206
TEST_3757,5.3648963
TEST_3758,73.77031
TEST_3759,41.505623
TEST_3760,409.7972
TEST_3761,266.59045
TEST_3762,97.37954
TEST_3763,607.02124
TEST_3764,90.58999
TEST_3765,107.34563
TEST_3766,168.02548
TEST_3767,289.55682
TEST_3768,-33.861305
TEST_3769,126.073265
TEST_3770,4.083249
TEST_3771,95.034485
TEST_3772,-1.3847622
TEST_3773,30.092142
TEST_3774,230.05234
TEST_3775,91.56022
TEST_3776,452.79486
TEST_3777,27.16023
TEST_3778,153.66348
TEST_3779,650.4264
TEST_3780,1080.7994
TEST_3781,74.35898
TEST_3782,-16.737282
TEST_3783,87.315956
TEST_3784,135.01236
TEST_3785,231.53369
TEST_3786,269.6217
TEST_3787,148.01082
TEST_3788,178.04915
TEST_3789,75.98186
TEST_3790,373.92847
TEST_3791,731.99866
TEST_3792,407.09274
TEST_3793,-72.430786
TEST_3794,245.3397
TEST_3795,1403.4675
TEST_3796,-9.27667
TEST_3797,80.6772
TEST_3798,72.93417
TEST_3799,416.611
TEST_3800,-13.860033
TEST_3801,716.44025
TEST_3802,165.26874
TEST_3803,69.50612
TEST_3804,322.54636
TEST_3805,123.176674
TEST_3806,253.97482
TEST_3807,487.03976
TEST_3808,25.938469
TEST_3809,200.79185
TEST_3810,480.73935
TEST_3811,131.01097
TEST_3812,712.1143
TEST_3813,495.0722
TEST_3814,480.084
TEST_3815,71.509186
TEST_3816,681.4192
TEST_3817,48.095333
TEST_3818,-88.41615
TEST_3819,165.93369
TEST_3820,13.882264
TEST_3821,110.43114
TEST_3822,-60.324886
TEST_3823,1254.2775
TEST_3824,154.99751
TEST_3825,70.80997
TEST_3826,75.65003
TEST_3827,59.71218
TEST_3828,150.32332
TEST_3829,158.83194
TEST_3830,34.421185
TEST_3831,145.16466
TEST_3832,5.7255206
TEST_3833,51.655613
TEST_3834,49.8315
TEST_3835,820.2637
TEST_3836,239.67815
TEST_3837,473.48456
TEST_3838,23.377966
TEST_3839,232.04552
TEST_3840,360.7261
TEST_3841,356.7925
TEST_3842,358.2774
TEST_3843,135.04433
TEST_3844,26.27277
TEST_3845,88.009
TEST_3846,475.48175
TEST_3847,328.89294
TEST_3848,62.50397
TEST_3849,82.23981
TEST_3850,170.59732
TEST_3851,464.89075
TEST_3852,270.019
TEST_3853,648.4354
TEST_3854,385.05252
TEST_3855,77.998566
TEST_3856,56.580585
TEST_3857,96.74832
TEST_3858,216.8453
TEST_3859,156.84538
TEST_3860,707.4489
TEST_3861,164.09683
TEST_3862,127.202324
TEST_3863,795.168
TEST_3864,296.6497
TEST_3865,-11.830869
TEST_3866,940.3245
TEST_3867,233.53607
TEST_3868,189.92564
TEST_3869,59.315483
TEST_3870,241.37422
TEST_3871,5.3649173
TEST_3872,866.746
TEST_3873,56.646996
TEST_3874,86.27365
TEST_3875,475.933
TEST_3876,142.34741
TEST_3877,145.99568
TEST_3878,160.86919
TEST_3879,211.14713
TEST_3880,102.133644
TEST_3881,420.49503
TEST_3882,224.02237
TEST_3883,83.453835
TEST_3884,326.15793
TEST_3885,241.72292
TEST_3886,1073.6823
TEST_3887,307.08322
TEST_3888,37.990723
TEST_3889,125.87981
TEST_3890,-6.490232
TEST_3891,16.369844
TEST_3892,57.46913
TEST_3893,1128.2451
TEST_3894,225.12221
TEST_3895,159.59636
TEST_3896,173.7313
TEST_3897,168.36409
TEST_3898,83.673805
TEST_3899,26.80413
TEST_3900,5.503151
TEST_3901,440.82916
TEST_3902,46.691948
TEST_3903,281.51315
TEST_3904,260.1627
TEST_3905,247.62917
TEST_3906,38.229073
TEST_3907,1520.7401
TEST_3908,312.71735
TEST_3909,121.962715
TEST_3910,853.4008
TEST_3911,318.53372
TEST_3912,176.78165
TEST_3913,1149.2156
TEST_3914,289.70087
